CSID,CaseMasterID,csdate,cstype,PolicePersonID
1,1,2025-11-24,A,371
2,3,2025-12-13,A,196
3,5,2025-11-01,B,270
4,6,2026-12-22,A,270
5,8,2026-09-24,A,29
6,10,2026-03-29,A,195
7,12,2025-05-12,A,314
8,14,2025-01-19,A,249
9,15,2026-11-18,A,101
10,16,2025-11-14,A,285
11,18,2025-07-25,A,42
12,19,2024-10-04,B,69
13,20,2026-07-11,A,96
14,21,2026-05-20,A,404
15,22,2027-02-16,A,298
16,24,2026-01-02,B,102
17,25,2026-06-11,A,79
18,26,2025-06-06,A,266
19,27,2025-10-04,A,252
20,28,2024-04-07,A,388
21,30,2026-09-01,A,226
22,31,2026-01-26,A,81
23,32,2026-08-26,A,377
24,33,2024-08-20,A,30
25,34,2026-04-20,A,25
26,35,2024-10-01,A,198
27,38,2026-10-01,A,255
28,40,2025-06-09,A,371
29,42,2027-01-04,A,422
30,43,2024-07-18,A,101
31,44,2026-08-04,A,88
32,45,2024-09-24,A,173
33,46,2025-01-13,A,265
34,47,2024-04-02,B,254
35,48,2025-06-09,A,342
36,49,2026-07-26,A,180
37,50,2026-07-19,A,305
38,51,2025-12-05,A,200
39,52,2025-04-17,A,362
40,54,2026-04-06,A,200
41,55,2025-12-26,A,238
42,56,2026-05-12,A,97
43,57,2025-04-01,A,185
44,60,2025-04-02,A,101
45,62,2025-07-27,A,231
46,65,2025-03-03,A,227
47,66,2026-11-08,A,293
48,67,2026-05-23,A,357
49,70,2024-07-12,A,133
50,71,2026-08-26,A,158
51,74,2026-12-21,A,110
52,75,2026-05-25,A,271
53,76,2026-10-28,A,21
54,79,2025-04-28,A,174
55,83,2026-05-17,A,81
56,86,2026-08-13,A,370
57,87,2026-02-01,A,55
58,88,2026-11-20,A,357
59,89,2025-07-30,A,157
60,90,2026-07-23,A,161
61,91,2026-08-20,A,80
62,92,2026-08-02,A,422
63,93,2024-09-04,A,126
64,96,2026-01-03,A,380
65,97,2026-09-16,A,191
66,98,2025-04-21,A,155
67,99,2026-12-20,A,291
68,101,2025-03-12,A,314
69,102,2026-01-22,A,320
70,104,2025-02-26,B,244
71,105,2025-09-29,A,319
72,108,2027-02-13,A,298
73,109,2026-06-19,A,37
74,110,2025-03-02,A,194
75,112,2026-06-20,A,75
76,113,2025-03-19,A,104
77,116,2025-08-21,A,447
78,117,2027-01-08,A,420
79,118,2026-10-26,A,132
80,119,2024-06-19,A,353
81,120,2025-01-08,A,31
82,121,2025-06-26,A,235
83,122,2026-09-05,A,183
84,124,2027-02-07,A,296
85,125,2026-03-19,A,86
86,126,2026-04-06,A,54
87,128,2026-10-11,A,10
88,129,2026-05-05,A,61
89,130,2025-09-15,A,19
90,131,2025-09-07,B,24
91,132,2026-05-23,A,222
92,133,2025-10-25,A,21
93,135,2025-02-04,A,283
94,136,2026-02-11,A,31
95,138,2024-05-17,A,68
96,139,2027-02-15,A,239
97,140,2025-06-08,A,99
98,141,2026-04-10,A,52
99,143,2025-04-13,A,108
100,144,2026-11-29,A,67
101,145,2026-10-24,A,62
102,146,2026-07-17,A,381
103,147,2025-09-19,A,11
104,152,2026-04-13,A,76
105,153,2025-09-03,A,3
106,154,2025-10-11,A,237
107,155,2025-12-05,A,418
108,156,2026-03-19,A,87
109,159,2026-11-30,A,100
110,160,2025-05-17,A,83
111,161,2025-11-08,A,56
112,164,2026-01-13,A,447
113,165,2026-05-30,A,320
114,167,2025-07-22,A,352
115,170,2025-03-08,A,392
116,171,2026-05-04,A,159
117,172,2025-09-30,A,147
118,173,2026-05-13,A,209
119,174,2025-10-26,A,66
120,175,2024-11-02,A,97
121,177,2026-10-03,A,240
122,179,2026-10-06,A,263
123,181,2026-11-11,A,337
124,182,2026-07-13,A,135
125,186,2025-04-09,A,227
126,189,2024-11-23,B,12
127,190,2025-07-29,A,291
128,191,2025-06-17,A,318
129,192,2026-04-11,A,159
130,193,2024-11-24,A,311
131,194,2025-01-28,A,36
132,195,2025-06-02,A,23
133,197,2025-03-24,B,390
134,198,2026-07-11,A,45
135,199,2026-03-07,A,372
136,200,2025-05-20,A,327
137,202,2026-05-05,A,379
138,203,2026-08-22,A,24
139,204,2024-06-13,A,395
140,206,2026-04-02,A,328
141,207,2024-11-22,B,219
142,208,2026-09-20,A,136
143,210,2024-03-25,B,422
144,211,2026-01-04,A,56
145,213,2024-09-30,A,275
146,214,2026-06-22,A,228
147,216,2026-05-27,A,399
148,217,2024-11-19,A,313
149,218,2025-04-21,A,181
150,219,2026-04-11,A,314
151,220,2025-12-24,A,81
152,221,2025-08-05,A,93
153,222,2026-01-08,A,334
154,223,2026-07-13,A,416
155,224,2025-11-14,A,71
156,225,2026-08-09,A,143
157,229,2024-12-17,B,237
158,230,2026-03-03,A,415
159,231,2027-03-15,A,78
160,232,2026-04-03,A,239
161,233,2025-12-14,A,180
162,234,2025-09-11,A,238
163,235,2026-04-16,A,372
164,236,2026-05-17,A,38
165,237,2025-02-16,A,282
166,238,2026-06-25,A,402
167,239,2026-10-15,A,288
168,240,2025-10-03,A,213
169,241,2025-01-01,A,310
170,243,2025-01-11,A,9
171,244,2026-04-11,A,2
172,246,2024-04-17,B,358
173,247,2025-10-30,A,447
174,248,2026-10-22,A,243
175,249,2026-10-14,A,319
176,250,2025-01-31,A,169
177,251,2026-01-26,A,275
178,253,2025-06-05,A,336
179,254,2025-12-21,A,369
180,255,2025-05-09,B,7
181,256,2026-07-24,A,294
182,257,2025-07-20,B,330
183,259,2025-10-27,A,235
184,260,2025-05-15,A,334
185,261,2025-01-27,A,156
186,262,2024-08-10,A,131
187,263,2025-05-13,A,53
188,264,2024-06-23,A,291
189,265,2025-10-16,A,275
190,266,2026-02-25,A,157
191,268,2026-08-13,A,164
192,269,2024-12-14,A,231
193,272,2025-05-11,A,319
194,273,2026-03-01,A,103
195,274,2026-04-10,A,237
196,276,2025-06-13,A,24
197,277,2026-11-06,A,247
198,279,2025-08-26,A,64
199,280,2026-05-11,A,192
200,288,2025-04-18,A,196
201,289,2024-09-02,B,91
202,290,2026-06-20,A,85
203,293,2024-11-24,B,425
204,294,2024-08-11,A,443
205,295,2026-06-05,A,379
206,296,2024-12-11,A,420
207,297,2024-10-09,A,85
208,301,2026-07-25,A,200
209,302,2026-05-15,A,322
210,304,2026-09-03,A,255
211,306,2026-06-14,A,432
212,307,2025-04-09,A,396
213,309,2024-12-28,A,42
214,310,2024-05-15,A,6
215,311,2024-08-16,A,87
216,312,2025-04-09,A,181
217,313,2024-07-16,A,141
218,315,2026-02-15,A,125
219,316,2025-04-01,B,334
220,318,2025-12-17,A,235
221,319,2024-12-03,B,82
222,320,2026-06-27,A,46
223,321,2024-09-29,A,184
224,322,2026-10-07,A,161
225,325,2024-10-01,A,392
226,326,2025-02-14,A,63
227,327,2025-04-07,A,442
228,330,2025-11-10,B,421
229,332,2025-02-24,A,345
230,336,2026-09-09,A,358
231,338,2024-12-04,A,367
232,339,2025-06-26,A,402
233,340,2026-09-24,A,337
234,342,2026-01-31,A,444
235,343,2025-04-01,A,376
236,346,2024-10-28,A,160
237,347,2025-03-08,A,76
238,353,2026-11-17,A,330
239,354,2025-04-19,B,307
240,355,2026-11-28,A,320
241,356,2025-09-04,A,329
242,357,2026-04-08,A,79
243,358,2024-11-30,A,263
244,359,2026-04-27,A,73
245,360,2024-04-06,A,58
246,363,2024-06-25,B,399
247,364,2026-04-08,A,286
248,365,2026-03-14,A,336
249,366,2026-03-23,A,182
250,367,2026-07-28,A,242
251,369,2025-03-27,A,81
252,373,2025-01-25,A,67
253,375,2024-04-19,A,286
254,376,2024-09-12,A,192
255,377,2026-04-29,A,394
256,378,2024-08-08,A,145
257,379,2026-08-14,A,348
258,380,2025-01-31,A,400
259,381,2025-11-19,A,442
260,382,2026-02-17,A,367
261,383,2025-01-18,A,423
262,385,2026-03-21,A,55
263,386,2026-07-06,A,294
264,388,2026-04-19,A,252
265,391,2025-10-01,A,160
266,392,2024-07-09,A,80
267,393,2026-12-18,A,289
268,395,2026-04-10,A,23
269,398,2025-04-18,A,216
270,399,2025-08-11,A,24
271,400,2026-03-31,A,415
272,403,2026-12-03,A,202
273,404,2026-06-06,A,44
274,405,2024-09-09,A,368
275,406,2025-10-30,A,427
276,408,2025-09-27,B,357
277,409,2024-07-05,A,191
278,410,2026-10-19,A,68
279,412,2026-10-25,A,212
280,413,2025-01-08,A,204
281,414,2026-03-18,A,103
282,415,2025-05-08,A,425
283,416,2026-06-18,A,296
284,420,2026-02-27,A,75
285,423,2027-02-13,A,337
286,424,2024-11-09,A,57
287,425,2026-06-17,A,236
288,427,2025-04-28,A,187
289,429,2024-11-09,A,154
290,430,2026-11-04,A,102
291,432,2025-01-18,A,52
292,433,2025-04-12,A,420
293,434,2026-05-08,A,423
294,435,2025-02-17,B,218
295,437,2025-09-22,A,210
296,442,2026-07-16,A,247
297,443,2026-04-14,A,330
298,445,2024-07-07,A,103
299,448,2024-10-20,A,436
300,451,2025-06-01,A,341
301,453,2025-03-17,A,433
302,454,2027-01-10,A,404
303,455,2026-04-09,A,284
304,456,2024-08-11,A,74
305,457,2026-05-16,A,206
306,458,2024-07-02,A,357
307,462,2025-01-14,A,387
308,465,2025-01-05,A,56
309,468,2025-12-13,A,211
310,470,2026-02-15,A,295
311,471,2026-04-04,A,329
312,474,2024-05-15,A,239
313,477,2025-08-19,A,146
314,480,2026-06-24,A,287
315,481,2026-04-05,A,118
316,482,2026-01-23,A,274
317,484,2026-07-07,A,86
318,485,2025-05-17,B,62
319,486,2024-12-01,A,359
320,488,2024-12-26,A,179
321,489,2027-04-06,A,46
322,490,2024-09-29,A,101
323,491,2026-11-27,A,333
324,493,2026-02-20,A,170
325,494,2025-06-14,A,210
326,495,2026-09-13,A,341
327,497,2026-12-09,A,398
328,498,2024-10-20,B,189
329,499,2025-07-26,A,95
330,500,2025-06-29,A,71
331,501,2026-01-11,A,80
332,503,2025-10-04,A,175
333,507,2025-04-05,A,401
334,509,2024-12-25,A,7
335,511,2024-08-21,A,167
336,512,2024-03-20,A,367
337,513,2025-05-13,B,161
338,514,2026-12-22,A,417
339,515,2025-04-04,A,100
340,516,2026-06-25,A,111
341,517,2025-04-05,A,287
342,518,2025-02-10,A,362
343,519,2026-06-14,A,282
344,524,2026-06-15,A,101
345,525,2025-05-01,A,93
346,526,2025-09-04,A,171
347,527,2024-06-09,A,389
348,530,2024-10-12,A,227
349,531,2026-10-07,A,100
350,532,2026-01-25,A,258
351,533,2025-09-22,A,446
352,534,2026-04-06,A,214
353,535,2025-04-22,A,144
354,536,2025-12-12,A,154
355,537,2026-08-15,A,365
356,538,2025-07-13,B,379
357,539,2025-08-09,A,89
358,540,2025-07-27,A,217
359,541,2025-03-03,A,302
360,542,2026-05-13,A,75
361,543,2026-02-27,A,71
362,544,2025-10-23,A,422
363,545,2024-10-28,B,74
364,547,2025-08-18,A,17
365,548,2026-03-18,A,309
366,549,2026-07-12,A,130
367,550,2026-09-03,A,158
368,551,2026-03-06,A,173
369,552,2026-06-21,A,288
370,553,2026-01-09,A,248
371,554,2025-05-20,A,355
372,555,2025-06-13,A,267
373,556,2025-06-26,A,59
374,557,2026-03-01,A,174
375,558,2024-10-15,B,31
376,559,2025-02-28,A,326
377,562,2025-10-23,A,82
378,563,2024-11-15,A,156
379,565,2027-02-21,A,90
380,566,2024-09-17,A,407
381,567,2026-05-06,A,337
382,568,2024-12-26,A,17
383,569,2025-09-06,A,161
384,572,2026-11-06,A,89
385,573,2026-08-04,A,395
386,576,2025-02-07,A,58
387,577,2025-10-23,A,39
388,578,2026-03-12,A,435
389,580,2025-04-09,A,414
390,581,2026-10-20,A,163
391,583,2026-06-10,A,101
392,584,2026-11-18,A,323
393,585,2024-10-02,A,345
394,590,2025-07-26,A,435
395,591,2026-09-25,A,197
396,592,2025-11-16,A,137
397,593,2025-03-19,A,128
398,594,2025-08-01,A,69
399,595,2026-02-07,A,199
400,596,2025-03-22,A,234
401,597,2026-08-22,A,81
402,599,2024-12-12,A,358
403,600,2026-08-23,A,157
404,602,2026-05-18,A,374
405,603,2026-04-30,A,192
406,604,2025-03-12,A,64
407,606,2025-04-01,A,370
408,607,2026-11-20,A,58
409,608,2025-01-16,A,23
410,611,2026-08-12,A,69
411,613,2025-11-05,B,153
412,614,2026-05-28,A,443
413,615,2024-09-17,A,63
414,617,2026-01-21,A,63
415,618,2025-04-04,A,291
416,622,2026-07-24,A,82
417,623,2024-11-24,A,127
418,625,2025-08-24,A,72
419,626,2024-12-30,A,337
420,627,2025-07-01,A,283
421,632,2025-09-27,A,152
422,633,2025-06-03,A,276
423,636,2026-04-14,A,371
424,637,2025-06-05,A,236
425,638,2026-05-14,A,205
426,639,2026-03-31,A,425
427,643,2027-01-05,A,58
428,644,2026-08-08,A,388
429,645,2026-09-15,A,371
430,646,2025-01-18,B,128
431,647,2025-07-19,A,115
432,649,2026-04-11,A,72
433,654,2026-02-13,A,252
434,655,2026-01-07,A,99
435,657,2026-07-11,A,18
436,660,2025-06-08,B,269
437,661,2025-12-20,A,353
438,663,2025-02-28,A,126
439,664,2026-11-02,A,53
440,666,2025-10-03,A,392
441,668,2025-08-30,A,417
442,669,2025-03-20,A,158
443,670,2024-10-29,A,89
444,672,2025-01-29,A,87
445,673,2025-09-06,A,295
446,674,2025-06-22,A,54
447,675,2025-05-20,A,443
448,677,2025-06-07,A,39
449,678,2026-02-01,A,142
450,679,2025-07-27,A,165
451,680,2024-12-11,A,172
452,682,2025-08-25,A,324
453,683,2026-01-04,A,395
454,684,2025-12-12,A,101
455,685,2024-12-02,A,163
456,689,2024-04-05,B,422
457,690,2024-06-03,A,125
458,691,2024-08-30,A,4
459,692,2026-09-23,A,362
460,693,2025-03-16,A,62
461,695,2026-04-13,A,276
462,697,2025-01-03,A,52
463,698,2024-05-30,A,329
464,699,2026-01-21,A,356
465,700,2026-04-01,A,329
466,701,2026-01-30,A,444
467,702,2025-08-20,A,103
468,704,2025-11-27,A,330
469,705,2025-03-23,A,398
470,707,2026-01-17,A,305
471,708,2026-10-02,A,103
472,710,2026-03-02,A,124
473,711,2025-04-30,A,423
474,713,2025-07-10,A,20
475,715,2024-06-23,A,151
476,716,2026-03-09,A,345
477,717,2026-03-05,A,393
478,718,2025-12-05,A,403
479,721,2026-08-11,A,285
480,722,2025-10-22,B,65
481,724,2025-06-03,B,346
482,726,2025-05-12,A,122
483,727,2026-04-02,A,63
484,728,2026-09-09,A,231
485,730,2026-11-02,A,89
486,731,2026-06-21,A,67
487,733,2024-11-20,A,204
488,735,2025-01-15,A,185
489,736,2026-05-22,A,37
490,738,2025-07-26,A,199
491,741,2025-04-20,A,333
492,742,2025-06-16,A,378
493,743,2025-03-13,A,77
494,745,2025-10-27,B,59
495,746,2025-02-24,A,400
496,747,2024-04-07,A,100
497,748,2026-02-22,A,34
498,749,2026-06-09,A,10
499,750,2024-06-06,A,65
500,751,2026-06-25,A,236
501,752,2025-08-20,B,340
502,755,2027-01-08,A,50
503,758,2024-09-21,A,337
504,759,2025-10-10,A,384
505,760,2025-08-16,B,40
506,763,2026-01-17,A,169
507,765,2024-07-08,A,269
508,767,2025-11-17,A,326
509,768,2026-11-14,A,368
510,769,2027-03-10,A,308
511,770,2025-03-15,A,354
512,772,2026-10-12,A,20
513,774,2026-02-25,A,238
514,775,2026-07-25,A,114
515,776,2025-08-28,A,235
516,780,2024-11-14,B,86
517,782,2025-02-24,A,172
518,783,2024-09-13,A,287
519,784,2025-11-23,A,271
520,785,2026-12-11,A,72
521,786,2027-02-18,A,8
522,787,2026-08-04,A,351
523,788,2025-10-10,A,90
524,789,2025-04-27,A,86
525,790,2026-02-09,A,425
526,791,2026-05-03,A,73
527,792,2024-04-12,A,247
528,793,2026-05-23,A,3
529,794,2026-03-26,A,55
530,795,2026-04-19,A,144
531,796,2026-04-13,A,111
532,797,2024-12-18,A,335
533,798,2024-08-27,A,53
534,800,2026-05-01,A,88
535,802,2026-12-16,A,215
536,803,2025-03-28,B,80
537,804,2025-12-06,A,107
538,805,2026-01-06,A,372
539,806,2026-03-12,A,275
540,807,2026-06-29,A,58
541,808,2025-07-07,A,146
542,809,2025-10-17,A,274
543,811,2025-09-10,A,163
544,812,2026-11-03,A,183
545,813,2025-11-29,A,106
546,814,2026-06-30,A,151
547,817,2025-08-02,B,385
548,819,2024-11-19,A,210
549,820,2025-10-13,A,318
550,821,2024-12-22,A,328
551,822,2025-12-20,A,403
552,823,2024-04-26,A,67
553,825,2025-09-17,B,380
554,826,2024-12-20,A,288
555,827,2024-06-21,A,249
556,829,2026-09-15,A,351
557,830,2026-12-29,A,44
558,832,2026-06-16,A,290
559,833,2026-11-21,A,323
560,837,2026-11-26,A,199
561,838,2025-01-02,A,121
562,842,2025-04-10,A,77
563,844,2024-04-29,A,262
564,845,2024-08-18,A,323
565,846,2025-07-31,A,55
566,847,2026-02-17,A,356
567,848,2024-07-01,A,315
568,849,2025-04-12,A,252
569,850,2026-01-27,A,293
570,851,2024-10-08,A,127
571,852,2026-10-02,A,236
572,853,2025-04-03,A,6
573,854,2024-10-03,A,70
574,855,2025-06-17,A,161
575,860,2026-10-11,A,372
576,863,2024-10-25,A,280
577,864,2026-05-02,A,287
578,865,2024-12-19,A,381
579,866,2024-12-09,A,166
580,867,2026-06-20,A,236
581,868,2024-04-25,A,345
582,871,2024-11-09,A,53
583,872,2026-05-19,A,42
584,873,2026-01-25,A,98
585,874,2025-03-26,A,45
586,877,2024-09-13,A,324
587,879,2024-10-07,A,398
588,880,2025-05-15,A,347
589,881,2025-05-26,A,249
590,883,2024-08-03,A,121
591,884,2027-02-27,A,202
592,885,2026-09-18,A,58
593,888,2026-04-19,A,281
594,889,2025-08-11,A,22
595,890,2025-05-05,A,318
596,891,2026-08-11,A,372
597,892,2025-05-19,A,299
598,893,2025-02-06,A,422
599,895,2026-08-29,A,25
600,898,2025-08-12,A,48
601,899,2026-04-08,A,346
602,901,2024-08-09,A,399
603,902,2025-08-29,A,70
604,905,2025-09-06,A,231
605,906,2026-07-31,A,154
606,908,2025-11-13,A,369
607,909,2026-10-08,A,261
608,910,2025-05-05,B,59
609,911,2025-03-26,A,316
610,912,2024-11-21,A,281
611,913,2026-03-27,A,305
612,914,2024-08-07,A,194
613,915,2026-01-14,A,428
614,916,2026-01-26,A,58
615,917,2025-09-27,A,95
616,918,2025-09-07,A,432
617,920,2024-10-18,A,346
618,921,2025-11-20,A,338
619,922,2026-01-08,A,254
620,923,2026-08-08,A,291
621,924,2024-10-06,A,296
622,926,2026-03-15,A,101
623,928,2026-02-20,A,403
624,929,2026-06-14,A,39
625,930,2025-06-13,A,432
626,931,2026-01-14,A,333
627,932,2026-05-14,A,119
628,934,2025-05-02,A,187
629,935,2027-01-01,A,74
630,937,2025-12-19,A,73
631,938,2026-02-06,A,372
632,942,2024-10-16,A,440
633,943,2026-12-23,A,332
634,945,2024-10-01,A,70
635,949,2026-07-14,A,94
636,952,2026-10-10,A,242
637,953,2025-03-18,A,63
638,954,2025-04-26,A,79
639,956,2026-05-05,A,216
640,960,2025-08-02,A,84
641,961,2026-10-26,A,85
642,962,2026-04-29,A,322
643,963,2025-07-13,A,438
644,964,2025-08-18,A,383
645,965,2025-12-24,A,27
646,969,2027-02-07,A,131
647,970,2025-11-05,A,398
648,973,2024-05-15,B,435
649,974,2026-08-29,A,412
650,976,2026-07-11,A,100
651,978,2025-02-07,A,158
652,980,2025-11-05,A,262
653,981,2025-05-12,A,391
654,982,2026-03-02,A,278
655,983,2026-08-10,A,201
656,984,2025-03-09,A,100
657,985,2026-03-24,A,338
658,986,2026-12-29,A,365
659,987,2024-09-29,A,78
660,988,2027-01-15,A,31
661,989,2025-05-28,A,214
662,990,2024-11-23,A,379
663,991,2025-07-13,A,132
664,992,2024-04-13,B,131
665,993,2026-10-04,A,105
666,995,2026-09-07,A,274
667,996,2025-04-07,A,93
668,998,2026-05-27,A,188
669,999,2026-07-14,A,129
670,1000,2025-09-11,A,86
671,1001,2024-10-17,A,75
672,1003,2025-10-30,A,298
673,1004,2025-11-29,A,75
674,1006,2024-10-28,A,239
675,1007,2025-12-18,A,219
676,1008,2026-05-23,A,204
677,1010,2026-08-17,A,104
678,1011,2025-01-02,A,337
679,1013,2024-11-02,A,226
680,1016,2027-01-10,A,206
681,1018,2025-05-27,B,30
682,1021,2024-09-08,A,247
683,1022,2024-11-29,A,257
684,1023,2026-02-25,A,57
685,1024,2025-06-26,A,257
686,1025,2025-09-26,A,207
687,1027,2025-07-02,B,335
688,1028,2025-11-26,B,276
689,1029,2027-02-02,A,316
690,1032,2024-12-11,A,419
691,1033,2024-12-27,A,57
692,1034,2026-02-12,A,419
693,1035,2025-06-12,A,443
694,1036,2027-01-21,A,229
695,1038,2025-02-26,A,112
696,1039,2025-05-28,A,261
697,1040,2025-09-05,A,132
698,1041,2026-05-10,A,89
699,1042,2026-04-21,A,90
700,1044,2026-04-19,A,284
701,1045,2025-05-05,B,85
702,1046,2024-08-19,A,423
703,1048,2025-08-08,A,304
704,1051,2024-07-08,A,430
705,1052,2025-10-04,A,84
706,1053,2025-04-23,A,96
707,1054,2026-11-09,A,250
708,1055,2025-10-01,A,151
709,1056,2024-09-12,A,104
710,1057,2025-03-25,A,316
711,1058,2024-10-04,A,178
712,1059,2026-07-24,A,77
713,1060,2025-07-12,A,194
714,1062,2024-07-20,A,441
715,1064,2025-10-20,A,347
716,1065,2025-03-26,A,260
717,1066,2025-04-14,A,336
718,1068,2024-10-09,A,369
719,1069,2025-03-26,A,54
720,1071,2026-08-27,A,172
721,1073,2026-01-11,B,216
722,1074,2026-01-12,A,53
723,1075,2026-12-17,A,83
724,1076,2025-12-08,A,79
725,1077,2026-08-24,A,291
726,1078,2025-11-27,B,447
727,1079,2025-04-13,A,187
728,1080,2025-09-26,A,220
729,1082,2026-06-07,A,398
730,1084,2025-05-12,A,382
731,1085,2026-02-04,A,121
732,1086,2025-12-28,A,101
733,1087,2025-12-18,A,211
734,1088,2024-05-10,A,82
735,1090,2026-06-11,A,275
736,1093,2025-08-16,A,394
737,1094,2025-11-14,A,95
738,1095,2026-02-28,A,436
739,1096,2025-08-19,A,54
740,1097,2025-12-07,A,92
741,1098,2026-04-05,A,257
742,1099,2025-12-28,A,94
743,1100,2025-08-20,B,370
744,1101,2025-06-17,B,257
745,1102,2026-05-01,A,132
746,1103,2025-05-27,A,346
747,1104,2025-11-14,A,73
748,1105,2026-09-06,A,145
749,1108,2026-10-05,A,139
750,1109,2025-01-30,A,147
751,1110,2026-01-31,A,120
752,1111,2026-03-14,A,396
753,1112,2025-11-30,A,87
754,1113,2025-04-17,A,59
755,1114,2025-09-26,A,89
756,1115,2025-07-08,A,101
757,1116,2026-09-28,A,276
758,1117,2026-09-14,A,381
759,1120,2025-04-18,A,109
760,1123,2026-08-14,A,81
761,1124,2025-09-22,A,146
762,1125,2025-12-13,B,92
763,1127,2026-01-15,A,235
764,1129,2025-03-18,A,85
765,1131,2025-11-26,A,293
766,1132,2024-06-26,B,339
767,1133,2026-06-26,A,390
768,1135,2025-09-04,A,70
769,1136,2025-07-21,A,413
770,1137,2024-05-14,A,444
771,1139,2025-05-17,A,53
772,1140,2026-03-24,A,81
773,1142,2026-02-04,A,270
774,1143,2025-04-16,A,359
775,1144,2024-08-14,A,112
776,1146,2025-08-21,A,70
777,1148,2024-09-03,A,125
778,1149,2025-03-28,A,276
779,1150,2024-07-28,A,96
780,1152,2025-07-10,B,369
781,1153,2025-12-03,A,164
782,1155,2025-02-11,A,330
783,1156,2026-06-28,A,75
784,1158,2025-05-24,B,383
785,1159,2025-08-22,A,282
786,1161,2025-12-24,A,434
787,1163,2025-04-24,A,100
788,1164,2025-09-05,A,319
789,1165,2025-12-27,A,129
790,1168,2026-01-07,A,390
791,1169,2026-04-18,A,255
792,1171,2026-01-05,A,319
793,1173,2026-02-05,A,433
794,1174,2026-09-02,A,62
795,1176,2025-01-09,A,140
796,1179,2024-03-19,A,114
797,1180,2025-06-18,A,104
798,1181,2026-02-04,A,73
799,1186,2026-06-13,A,395
800,1187,2026-07-22,A,82
801,1191,2025-06-20,A,395
802,1192,2026-09-01,A,357
803,1193,2024-07-31,A,361
804,1194,2026-10-09,A,260
805,1196,2025-01-14,A,3
806,1197,2025-08-01,A,14
807,1200,2025-02-23,B,408
808,1201,2025-04-16,A,422
809,1202,2026-02-22,A,328
810,1207,2024-06-30,B,178
811,1209,2025-08-02,B,136
812,1210,2025-06-26,A,341
813,1211,2026-07-07,A,125
814,1213,2026-04-23,A,69
815,1217,2025-05-31,A,174
816,1219,2025-11-03,A,318
817,1221,2026-01-22,A,173
818,1227,2024-10-25,A,400
819,1230,2026-07-23,A,324
820,1231,2026-07-08,A,59
821,1233,2026-05-02,A,149
822,1234,2025-01-13,A,37
823,1238,2026-04-28,A,330
824,1239,2025-10-28,A,85
825,1240,2025-05-18,A,344
826,1241,2026-08-01,A,203
827,1243,2026-09-29,A,74
828,1244,2025-09-19,A,41
829,1245,2026-09-05,A,368
830,1246,2026-02-22,A,313
831,1247,2025-12-29,A,415
832,1248,2026-04-07,A,180
833,1252,2025-05-12,A,402
834,1253,2026-03-01,A,372
835,1254,2026-07-19,A,397
836,1255,2024-04-18,A,140
837,1256,2026-06-02,A,221
838,1259,2024-10-04,A,351
839,1260,2026-02-14,A,154
840,1262,2026-02-14,A,160
841,1264,2025-09-25,A,253
842,1265,2026-11-20,A,104
843,1266,2025-02-12,A,211
844,1268,2026-08-19,A,362
845,1269,2024-10-31,A,67
846,1270,2026-06-06,A,327
847,1271,2026-08-02,A,104
848,1272,2024-11-20,A,164
849,1275,2025-07-21,A,139
850,1278,2026-11-04,A,447
851,1279,2024-06-18,A,96
852,1281,2026-10-14,A,359
853,1282,2026-08-20,A,394
854,1283,2025-02-02,A,296
855,1284,2026-01-25,A,152
856,1285,2024-12-22,B,334
857,1287,2024-06-28,B,422
858,1288,2025-05-22,A,113
859,1289,2025-05-30,B,60
860,1290,2025-10-22,A,99
861,1291,2025-10-18,A,20
862,1293,2026-08-04,A,203
863,1297,2024-12-06,A,438
864,1298,2024-12-13,A,70
865,1299,2025-05-18,A,198
866,1300,2026-06-17,A,447
867,1301,2025-01-06,A,99
868,1303,2026-04-19,A,376
869,1304,2026-03-08,A,71
870,1308,2025-04-23,B,335
871,1310,2025-01-02,A,234
872,1311,2026-07-22,A,350
873,1312,2025-02-20,A,22
874,1313,2025-09-23,A,362
875,1314,2025-09-01,A,365
876,1315,2024-08-07,B,376
877,1316,2026-06-19,A,104
878,1317,2026-03-29,A,200
879,1319,2025-06-15,A,341
880,1320,2026-10-26,A,445
881,1321,2025-10-30,A,108
882,1322,2026-12-08,A,287
883,1324,2025-10-05,A,178
884,1325,2026-10-07,A,135
885,1327,2026-06-26,A,72
886,1328,2026-08-03,A,187
887,1330,2026-10-16,A,243
888,1331,2024-12-16,A,371
889,1332,2024-11-20,A,219
890,1333,2025-05-02,A,207
891,1334,2026-08-10,A,309
892,1335,2026-06-10,A,162
893,1336,2025-08-19,A,378
894,1338,2025-05-10,A,47
895,1339,2026-11-30,A,72
896,1341,2026-09-03,A,166
897,1342,2026-11-19,A,425
898,1343,2025-02-11,A,354
899,1344,2024-12-02,A,72
900,1346,2024-11-21,A,101
901,1347,2025-06-22,A,368
902,1350,2026-09-14,A,93
903,1352,2026-09-30,A,10
904,1353,2025-10-24,A,238
905,1354,2025-01-29,A,360
906,1355,2025-07-23,A,42
907,1365,2024-08-19,A,309
908,1368,2026-05-05,A,296
909,1369,2024-06-19,A,82
910,1370,2025-05-04,A,337
911,1373,2024-12-05,A,171
912,1374,2025-08-06,A,226
913,1375,2026-01-30,A,96
914,1376,2026-02-16,A,20
915,1377,2026-10-03,A,67
916,1378,2026-03-10,B,54
917,1380,2024-11-22,B,98
918,1381,2025-01-22,A,221
919,1385,2024-04-04,A,194
920,1386,2025-10-14,A,272
921,1387,2025-11-19,A,334
922,1388,2026-03-12,A,177
923,1389,2025-10-24,A,268
924,1390,2026-10-11,A,209
925,1391,2025-07-22,A,404
926,1392,2025-12-26,A,239
927,1393,2026-10-31,A,184
928,1394,2026-02-09,A,356
929,1395,2024-12-25,A,73
930,1397,2026-03-21,A,238
931,1399,2025-11-12,A,172
932,1400,2025-12-10,A,74
933,1405,2025-12-27,A,304
934,1406,2026-10-24,A,376
935,1407,2026-06-13,A,332
936,1408,2026-03-31,A,379
937,1409,2026-12-07,A,314
938,1410,2026-11-10,A,232
939,1411,2025-06-06,A,25
940,1412,2024-12-05,A,362
941,1413,2025-10-05,A,103
942,1415,2025-12-13,A,249
943,1416,2026-07-31,A,367
944,1417,2024-08-10,A,103
945,1418,2025-03-18,A,273
946,1419,2025-08-23,A,114
947,1420,2026-06-19,A,424
948,1421,2026-07-27,A,404
949,1424,2025-10-06,A,161
950,1425,2025-07-27,A,138
951,1427,2026-07-28,A,371
952,1429,2026-03-17,A,439
953,1431,2026-08-11,A,395
954,1432,2024-10-14,A,109
955,1434,2024-12-30,A,359
956,1435,2025-10-20,A,207
957,1437,2024-07-04,A,98
958,1438,2024-10-14,A,62
959,1439,2025-06-30,A,159
960,1442,2025-01-18,B,329
961,1443,2025-09-13,A,446
962,1446,2025-04-19,A,425
963,1448,2026-09-14,A,71
964,1449,2025-03-07,A,105
965,1450,2025-09-30,A,98
966,1451,2025-07-26,A,1
967,1452,2025-11-09,A,144
968,1453,2025-07-25,A,27
969,1454,2024-08-29,A,25
970,1456,2025-10-16,A,447
971,1458,2025-10-08,B,161
972,1459,2026-03-15,A,389
973,1460,2025-03-26,A,56
974,1461,2025-11-16,A,93
975,1462,2025-07-28,A,237
976,1463,2026-05-13,A,138
977,1464,2024-10-03,A,389
978,1467,2025-06-20,A,236
979,1468,2026-05-29,A,50
980,1469,2024-12-26,A,270
981,1470,2025-07-18,A,12
982,1471,2025-04-16,A,282
983,1473,2026-05-09,A,426
984,1474,2024-08-19,A,62
985,1475,2026-02-21,A,96
986,1476,2026-07-10,A,354
987,1477,2024-07-17,B,75
988,1478,2025-03-26,A,96
989,1479,2026-06-23,A,92
990,1480,2025-09-22,A,213
991,1481,2025-05-06,A,52
992,1482,2026-02-14,A,62
993,1483,2024-09-28,A,100
994,1484,2026-06-19,A,160
995,1485,2024-11-09,A,168
996,1486,2024-11-25,B,411
997,1490,2025-12-08,A,23
998,1491,2026-04-05,A,131
999,1493,2025-07-24,A,214
1000,1494,2026-04-15,A,432
1001,1495,2025-01-02,A,438
1002,1497,2025-11-21,A,99
1003,1500,2024-11-18,A,213
1004,1501,2027-03-15,A,321
1005,1503,2026-01-03,A,228
1006,1505,2025-10-29,A,214
1007,1507,2026-04-06,A,313
1008,1508,2026-04-20,A,267
1009,1509,2024-11-21,A,372
1010,1510,2025-09-28,A,329
1011,1511,2025-10-18,A,70
1012,1513,2026-05-13,A,67
1013,1514,2026-09-18,A,13
1014,1515,2026-03-10,A,420
1015,1517,2024-08-01,A,97
1016,1518,2026-10-12,A,172
1017,1521,2024-12-16,A,295
1018,1522,2024-04-25,A,230
1019,1523,2025-11-10,A,249
1020,1524,2025-08-19,A,63
1021,1526,2026-03-23,A,65
1022,1529,2026-07-18,A,56
1023,1530,2025-12-07,A,271
1024,1532,2026-09-08,A,294
1025,1534,2026-07-15,A,443
1026,1536,2026-02-11,A,239
1027,1537,2025-02-17,A,439
1028,1538,2025-01-12,A,295
1029,1539,2026-08-04,A,193
1030,1540,2026-02-14,A,387
1031,1541,2025-05-29,A,228
1032,1543,2024-07-24,A,401
1033,1545,2026-02-26,A,259
1034,1547,2025-04-27,A,301
1035,1548,2026-08-20,A,38
1036,1549,2026-08-07,A,104
1037,1550,2026-08-03,A,91
1038,1551,2026-11-01,A,78
1039,1552,2025-01-30,A,108
1040,1554,2026-11-17,A,182
1041,1555,2026-10-01,A,199
1042,1556,2025-06-14,A,175
1043,1558,2025-06-19,A,337
1044,1559,2025-06-27,A,165
1045,1560,2025-11-09,A,163
1046,1564,2026-09-07,A,446
1047,1565,2025-02-06,A,289
1048,1566,2026-01-21,A,443
1049,1567,2026-07-06,A,70
1050,1569,2024-10-02,A,249
1051,1570,2026-07-11,A,80
1052,1573,2027-03-18,A,389
1053,1574,2024-09-08,A,43
1054,1575,2025-12-30,A,58
1055,1578,2025-12-05,A,59
1056,1580,2025-07-22,A,132
1057,1581,2025-07-17,A,54
1058,1585,2025-04-12,A,357
1059,1586,2024-12-24,A,109
1060,1587,2025-07-24,A,102
1061,1588,2027-01-06,A,332
1062,1590,2026-09-14,A,227
1063,1591,2025-08-11,A,63
1064,1592,2026-09-11,A,221
1065,1595,2025-09-19,A,227
1066,1596,2024-08-09,A,72
1067,1597,2026-07-21,A,428
1068,1598,2026-12-16,A,146
1069,1600,2025-08-26,B,177
1070,1601,2024-12-14,B,82
1071,1604,2025-03-15,A,342
1072,1607,2025-08-16,A,75
1073,1608,2026-02-06,A,105
1074,1609,2026-04-09,A,117
1075,1613,2025-11-18,A,63
1076,1614,2026-07-06,A,329
1077,1615,2024-05-04,A,276
1078,1616,2026-02-07,A,49
1079,1617,2026-07-10,A,241
1080,1618,2026-01-12,A,421
1081,1621,2026-06-26,A,382
1082,1622,2027-03-04,A,158
1083,1623,2026-03-12,A,381
1084,1624,2026-11-21,A,257
1085,1625,2026-09-03,A,178
1086,1628,2026-04-28,A,74
1087,1629,2025-01-17,A,22
1088,1632,2026-03-23,A,356
1089,1633,2025-12-29,A,268
1090,1635,2026-06-21,A,119
1091,1636,2026-08-09,A,297
1092,1637,2026-07-14,A,97
1093,1638,2025-06-24,B,96
1094,1639,2025-04-03,A,145
1095,1640,2025-12-04,B,257
1096,1641,2026-08-17,A,96
1097,1642,2026-04-07,A,237
1098,1644,2024-07-29,A,52
1099,1645,2026-02-08,A,21
1100,1646,2026-08-02,A,162
1101,1650,2025-05-11,A,104
1102,1651,2026-04-20,A,78
1103,1652,2026-06-15,A,323
1104,1653,2025-04-19,A,271
1105,1654,2024-09-21,A,356
1106,1655,2026-02-07,A,322
1107,1656,2026-01-24,A,440
1108,1658,2026-03-15,A,5
1109,1660,2024-07-23,A,348
1110,1661,2025-08-22,A,383
1111,1663,2025-07-15,A,25
1112,1664,2026-10-20,A,262
1113,1665,2026-04-10,A,66
1114,1666,2026-12-05,A,104
1115,1668,2026-07-24,A,89
1116,1669,2026-05-24,A,41
1117,1670,2026-05-09,A,336
1118,1671,2026-08-08,A,252
1119,1672,2024-07-24,A,343
1120,1673,2026-02-05,A,9
1121,1674,2025-03-24,A,171
1122,1676,2024-08-01,A,78
1123,1679,2025-06-01,A,150
1124,1682,2026-12-03,A,431
1125,1683,2025-04-15,A,411
1126,1685,2025-08-03,A,101
1127,1686,2025-08-16,A,67
1128,1687,2026-10-11,A,86
1129,1688,2026-03-25,A,356
1130,1689,2025-08-18,A,220
1131,1690,2025-03-24,A,93
1132,1691,2025-08-25,A,93
1133,1692,2025-01-07,A,225
1134,1693,2025-08-19,A,8
1135,1695,2025-06-06,A,360
1136,1696,2025-09-10,A,429
1137,1698,2024-09-03,A,53
1138,1699,2025-07-25,A,156
1139,1700,2026-01-21,A,165
1140,1705,2025-10-27,B,162
1141,1706,2024-10-23,A,68
1142,1707,2025-04-23,A,378
1143,1708,2025-05-24,A,186
1144,1709,2026-05-27,A,132
1145,1710,2026-05-04,A,365
1146,1711,2025-08-13,A,371
1147,1712,2025-06-10,A,372
1148,1713,2024-03-15,A,304
1149,1715,2025-01-25,A,209
1150,1720,2024-11-22,A,200
1151,1721,2026-06-11,A,306
1152,1724,2024-05-01,A,328
1153,1725,2024-12-06,A,413
1154,1727,2027-02-07,A,200
1155,1728,2024-09-06,A,80
1156,1729,2025-03-15,A,184
1157,1730,2024-08-21,B,253
1158,1731,2026-08-05,A,74
1159,1732,2026-01-21,A,342
1160,1733,2024-11-23,B,283
1161,1735,2025-03-26,A,147
1162,1736,2026-10-03,A,104
1163,1737,2026-05-28,A,209
1164,1738,2025-03-28,A,306
1165,1739,2024-06-29,A,69
1166,1740,2026-02-25,A,117
1167,1741,2024-12-02,A,205
1168,1742,2024-12-08,A,25
1169,1743,2026-03-28,A,27
1170,1745,2024-08-03,A,21
1171,1746,2024-07-12,A,286
1172,1747,2026-01-03,A,74
1173,1748,2025-10-06,A,57
1174,1749,2025-07-27,A,398
1175,1753,2026-12-14,A,171
1176,1754,2025-06-08,A,348
1177,1755,2025-08-04,A,356
1178,1757,2025-10-04,A,62
1179,1758,2026-08-26,A,202
1180,1759,2025-06-19,A,372
1181,1760,2025-04-28,A,79
1182,1763,2024-12-30,A,413
1183,1764,2026-01-21,A,431
1184,1766,2024-11-16,A,90
1185,1767,2025-10-27,A,82
1186,1768,2025-10-06,A,50
1187,1770,2025-04-24,A,102
1188,1771,2024-11-09,B,432
1189,1773,2024-10-27,A,107
1190,1774,2027-01-22,A,447
1191,1775,2025-08-14,A,77
1192,1776,2025-03-27,A,137
1193,1777,2024-07-16,A,109
1194,1778,2025-03-16,A,64
1195,1779,2024-07-19,A,101
1196,1781,2027-02-12,A,52
1197,1782,2026-11-15,A,206
1198,1783,2024-09-26,B,101
1199,1785,2025-10-07,B,5
1200,1786,2025-07-07,A,418
1201,1787,2024-10-16,A,97
1202,1788,2025-03-03,B,324
1203,1791,2025-01-22,A,59
1204,1793,2025-02-23,A,173
1205,1794,2026-02-03,A,348
1206,1795,2025-05-07,A,447
1207,1797,2026-11-03,A,398
1208,1798,2025-08-11,A,237
1209,1799,2025-09-24,A,258
1210,1801,2026-03-23,A,297
1211,1804,2026-12-02,A,85
1212,1805,2027-02-08,A,100
1213,1806,2025-08-24,A,222
1214,1808,2024-09-07,A,96
1215,1810,2025-04-25,A,109
1216,1812,2026-09-13,A,425
1217,1813,2024-10-09,A,38
1218,1815,2024-08-23,A,446
1219,1817,2025-08-21,A,420
1220,1818,2026-05-09,A,82
1221,1820,2026-03-07,A,321
1222,1821,2025-03-01,A,61
1223,1823,2024-06-15,A,283
1224,1825,2025-10-09,A,26
1225,1826,2026-08-31,A,86
1226,1827,2024-06-24,A,200
1227,1830,2026-02-18,A,180
1228,1834,2025-05-10,A,285
1229,1835,2024-04-06,A,89
1230,1839,2024-08-28,A,73
1231,1840,2026-07-13,A,410
1232,1841,2025-10-19,A,426
1233,1842,2024-09-08,A,397
1234,1844,2026-01-18,A,125
1235,1845,2026-03-02,A,52
1236,1846,2025-06-18,A,222
1237,1847,2026-11-09,A,344
1238,1849,2025-04-14,A,20
1239,1850,2026-09-11,A,221
1240,1853,2025-02-01,B,112
1241,1854,2025-10-13,A,137
1242,1855,2025-06-19,A,83
1243,1858,2024-11-29,A,50
1244,1861,2024-07-31,A,313
1245,1862,2026-06-25,A,95
1246,1863,2026-09-18,A,72
1247,1864,2025-03-03,A,61
1248,1865,2025-09-01,A,37
1249,1867,2026-03-29,A,164
1250,1868,2026-08-02,A,213
1251,1870,2025-03-19,A,152
1252,1871,2026-03-23,A,55
1253,1874,2025-01-15,A,330
1254,1875,2026-04-21,A,163
1255,1876,2024-12-05,B,66
1256,1877,2025-09-07,A,283
1257,1880,2025-11-30,A,43
1258,1883,2025-03-22,A,65
1259,1884,2025-02-12,A,182
1260,1885,2025-04-12,A,272
1261,1886,2026-06-30,A,215
1262,1888,2026-12-22,A,309
1263,1890,2025-12-24,A,60
1264,1892,2026-05-23,A,255
1265,1893,2024-12-20,B,139
1266,1896,2025-08-13,A,58
1267,1899,2026-07-18,A,183
1268,1900,2025-12-11,A,236
1269,1902,2026-03-19,A,404
1270,1904,2026-01-20,A,97
1271,1905,2026-10-12,A,416
1272,1906,2024-08-21,B,88
1273,1908,2026-11-04,A,423
1274,1910,2024-10-26,A,242
1275,1911,2026-06-24,A,208
1276,1912,2025-02-28,A,101
1277,1913,2026-05-30,A,37
1278,1914,2026-06-24,A,347
1279,1916,2025-02-16,A,99
1280,1918,2027-01-13,A,88
1281,1919,2025-06-28,B,162
1282,1921,2026-08-21,A,268
1283,1922,2026-01-26,A,151
1284,1923,2025-02-13,A,87
1285,1924,2024-03-23,A,177
1286,1925,2026-08-05,A,237
1287,1926,2024-03-28,A,395
1288,1928,2025-08-26,A,82
1289,1930,2026-09-14,A,420
1290,1931,2025-09-21,A,414
1291,1932,2025-10-13,A,330
1292,1935,2026-05-22,A,269
1293,1936,2026-04-25,A,355
1294,1937,2026-09-05,A,300
1295,1938,2025-01-08,A,395
1296,1940,2026-10-14,A,316
1297,1941,2027-02-14,A,313
1298,1943,2025-08-17,A,226
1299,1944,2025-01-10,A,328
1300,1946,2025-02-04,A,45
1301,1947,2024-04-05,A,332
1302,1948,2026-02-04,A,94
1303,1950,2026-04-22,A,221
1304,1951,2026-05-31,A,293
1305,1952,2025-01-13,A,122
1306,1954,2027-03-19,A,238
1307,1955,2024-10-26,A,288
1308,1959,2027-01-23,A,106
1309,1962,2025-04-19,A,257
1310,1963,2026-10-07,A,366
1311,1964,2026-06-06,A,208
1312,1965,2025-03-23,A,337
1313,1966,2026-08-15,A,283
1314,1967,2026-01-08,A,295
1315,1969,2025-02-05,A,170
1316,1970,2025-11-26,A,101
1317,1971,2024-06-28,A,81
1318,1973,2025-09-11,A,288
1319,1976,2024-04-23,A,358
1320,1979,2026-01-29,A,162
1321,1980,2025-10-23,A,85
1322,1982,2026-08-07,A,336
1323,1984,2025-11-03,A,116
1324,1985,2025-04-24,A,114
1325,1988,2024-05-22,A,199
1326,1989,2026-07-13,A,403
1327,1991,2025-06-17,A,13
1328,1992,2026-08-21,A,138
1329,1994,2025-12-09,A,365
1330,1996,2026-02-02,A,115
1331,1998,2026-09-03,A,371
1332,2000,2026-01-29,A,304
1333,2001,2026-07-18,A,127
1334,2003,2026-04-30,A,125
1335,2004,2026-09-16,A,132
1336,2005,2026-11-15,A,324
1337,2008,2024-09-05,A,276
1338,2009,2026-03-07,A,400
1339,2010,2026-11-19,A,6
1340,2011,2026-06-01,A,46
1341,2012,2026-03-13,A,401
1342,2013,2025-12-28,A,49
1343,2015,2024-08-31,A,160
1344,2016,2025-09-15,B,258
1345,2017,2025-01-15,A,155
1346,2018,2025-05-09,A,159
1347,2019,2026-03-11,A,401
1348,2020,2025-12-25,A,76
1349,2021,2024-09-21,A,227
1350,2022,2025-11-03,A,63
1351,2024,2026-07-04,A,438
1352,2026,2027-02-06,A,14
1353,2027,2025-04-27,A,55
1354,2028,2026-04-09,A,287
1355,2030,2024-08-29,A,18
1356,2031,2026-10-18,A,446
1357,2036,2025-07-18,A,138
1358,2037,2026-06-25,A,155
1359,2038,2026-02-16,A,124
1360,2039,2024-04-23,A,201
1361,2040,2026-09-26,A,400
1362,2041,2026-01-26,A,91
1363,2043,2024-09-29,A,172
1364,2044,2026-07-26,A,436
1365,2046,2026-09-28,A,321
1366,2047,2025-07-27,A,260
1367,2048,2027-03-17,A,164
1368,2051,2026-06-03,A,164
1369,2052,2026-03-14,A,96
1370,2053,2025-02-25,B,393
1371,2054,2026-01-28,A,96
1372,2055,2026-01-23,A,336
1373,2057,2024-11-05,A,371
1374,2059,2024-06-01,A,319
1375,2060,2024-10-15,A,53
1376,2061,2026-07-09,A,305
1377,2062,2027-01-21,A,432
1378,2066,2024-11-12,A,302
1379,2067,2026-03-29,A,371
1380,2068,2024-12-17,A,343
1381,2069,2024-06-07,A,381
1382,2070,2024-05-16,A,101
1383,2071,2024-12-30,A,66
1384,2072,2026-09-17,A,275
1385,2076,2026-11-25,A,78
1386,2077,2024-10-08,A,351
1387,2078,2025-12-03,A,73
1388,2079,2025-08-12,B,166
1389,2080,2026-02-26,A,103
1390,2081,2025-02-23,A,428
1391,2084,2026-01-18,A,23
1392,2086,2024-07-12,A,91
1393,2087,2026-08-22,A,379
1394,2089,2025-01-08,A,256
1395,2090,2025-03-04,A,66
1396,2092,2026-02-20,A,298
1397,2093,2026-05-07,A,206
1398,2096,2026-02-15,A,90
1399,2097,2025-02-27,A,56
1400,2098,2025-03-17,A,105
1401,2099,2025-04-07,A,36
1402,2100,2025-11-30,A,441
1403,2101,2024-06-09,A,235
1404,2103,2024-10-07,A,440
1405,2104,2025-09-24,A,184
1406,2106,2026-04-06,A,386
1407,2108,2025-07-20,A,52
1408,2110,2026-04-01,A,295
1409,2111,2026-11-28,A,118
1410,2112,2025-03-15,A,432
1411,2113,2024-07-30,A,153
1412,2115,2025-02-12,A,63
1413,2116,2026-05-06,A,69
1414,2117,2026-02-18,A,320
1415,2118,2025-04-10,A,98
1416,2119,2026-05-31,A,234
1417,2120,2026-03-06,A,161
1418,2121,2026-05-05,A,401
1419,2122,2025-04-16,A,37
1420,2123,2025-04-26,A,53
1421,2124,2026-09-27,A,58
1422,2125,2026-01-21,A,266
1423,2127,2024-11-16,A,69
1424,2128,2025-10-22,A,383
1425,2130,2026-04-27,A,336
1426,2131,2025-02-06,A,319
1427,2132,2025-12-12,A,372
1428,2133,2025-01-14,A,251
1429,2135,2026-04-18,A,152
1430,2136,2025-05-19,A,80
1431,2137,2026-01-18,A,427
1432,2139,2024-10-27,A,158
1433,2141,2026-11-17,A,295
1434,2142,2026-03-28,A,406
1435,2143,2025-07-31,A,33
1436,2144,2025-10-18,A,385
1437,2145,2025-09-23,A,348
1438,2146,2025-10-12,A,162
1439,2147,2025-12-30,A,200
1440,2148,2025-07-07,B,27
1441,2151,2026-06-07,A,295
1442,2152,2025-02-25,A,236
1443,2153,2024-04-21,A,62
1444,2156,2026-09-08,A,18
1445,2158,2024-12-30,A,63
1446,2159,2025-04-09,B,205
1447,2160,2025-08-02,A,21
1448,2161,2025-11-22,A,52
1449,2162,2026-08-09,A,82
1450,2163,2025-12-21,A,23
1451,2164,2025-12-24,A,364
1452,2165,2024-07-31,A,331
1453,2168,2025-04-09,A,329
1454,2169,2026-04-16,A,425
1455,2171,2024-10-29,A,334
1456,2172,2025-11-07,A,299
1457,2173,2026-02-17,A,230
1458,2174,2026-05-21,A,371
1459,2176,2025-03-28,A,196
1460,2177,2026-02-02,A,430
1461,2178,2024-11-25,B,158
1462,2179,2026-03-02,B,84
1463,2180,2026-02-24,A,321
1464,2181,2026-08-09,A,395
1465,2182,2025-06-24,A,307
1466,2183,2025-08-15,A,433
1467,2184,2025-01-15,A,307
1468,2185,2025-12-07,A,202
1469,2188,2024-10-12,B,89
1470,2189,2026-03-28,A,293
1471,2190,2025-12-23,A,332
1472,2191,2024-12-30,A,368
1473,2192,2024-08-12,A,281
1474,2193,2026-05-03,A,70
1475,2194,2024-05-12,A,75
1476,2195,2026-04-14,A,41
1477,2196,2025-04-07,B,31
1478,2198,2025-12-30,A,63
1479,2200,2025-12-19,A,307
1480,2201,2025-05-09,A,142
1481,2202,2025-08-08,A,381
1482,2206,2026-05-01,A,334
1483,2208,2024-09-19,A,305
1484,2209,2025-06-08,A,84
1485,2210,2026-11-09,A,139
1486,2211,2025-09-05,A,84
1487,2212,2024-04-03,A,272
1488,2213,2026-06-04,A,327
1489,2214,2026-11-22,A,184
1490,2215,2026-10-23,A,447
1491,2216,2026-09-25,A,258
1492,2217,2025-12-30,A,208
1493,2220,2025-01-04,B,28
1494,2222,2025-11-14,A,379
1495,2223,2025-06-03,B,119
1496,2224,2027-01-29,A,56
1497,2226,2024-10-24,A,163
1498,2227,2026-10-23,A,55
1499,2228,2026-08-05,A,234
1500,2229,2026-06-16,A,7
1501,2231,2025-06-21,A,402
1502,2233,2025-10-06,A,310
1503,2235,2024-03-01,A,66
1504,2236,2026-06-18,A,312
1505,2237,2026-09-07,A,197
1506,2239,2025-09-16,A,16
1507,2240,2027-01-26,A,25
1508,2241,2024-04-22,A,72
1509,2242,2025-11-06,A,105
1510,2243,2026-01-31,A,413
1511,2244,2026-06-09,A,98
1512,2245,2024-09-06,A,432
1513,2247,2026-06-26,A,202
1514,2248,2025-10-17,A,424
1515,2249,2026-01-13,A,187
1516,2250,2024-03-01,A,267
1517,2252,2025-06-11,A,185
1518,2254,2025-09-19,A,89
1519,2255,2025-08-06,A,110
1520,2256,2026-04-27,A,44
1521,2257,2026-03-15,A,74
1522,2259,2024-11-04,B,209
1523,2260,2026-05-03,A,99
1524,2261,2024-12-05,A,105
1525,2262,2025-03-05,A,64
1526,2264,2025-06-09,B,284
1527,2265,2026-02-23,A,93
1528,2266,2024-05-16,A,400
1529,2269,2026-06-02,A,164
1530,2270,2025-05-11,B,299
1531,2271,2026-10-18,A,370
1532,2272,2024-10-23,A,79
1533,2273,2024-07-09,A,345
1534,2274,2025-12-24,A,383
1535,2275,2025-01-12,A,51
1536,2278,2026-02-06,A,19
1537,2280,2024-10-17,A,221
1538,2281,2024-08-17,A,412
1539,2282,2026-07-16,A,167
1540,2285,2026-06-10,A,63
1541,2288,2026-11-09,A,132
1542,2292,2026-04-27,A,75
1543,2293,2025-05-03,A,332
1544,2294,2025-11-05,A,82
1545,2295,2026-05-08,A,369
1546,2296,2025-12-04,A,63
1547,2301,2024-04-13,A,420
1548,2302,2026-01-07,A,281
1549,2305,2026-08-13,A,354
1550,2306,2026-03-20,A,446
1551,2307,2026-02-11,A,291
1552,2308,2025-03-30,A,317
1553,2309,2026-03-16,A,185
1554,2313,2025-02-20,A,53
1555,2314,2024-06-22,A,69
1556,2315,2026-05-08,A,325
1557,2316,2026-08-17,A,88
1558,2318,2025-06-01,A,140
1559,2320,2025-09-14,A,86
1560,2321,2026-03-26,A,335
1561,2322,2026-05-18,A,379
1562,2323,2025-04-08,A,209
1563,2324,2025-05-03,A,159
1564,2325,2026-09-11,A,47
1565,2326,2026-07-22,A,92
1566,2328,2025-01-21,A,288
1567,2330,2024-12-17,A,432
1568,2331,2026-04-21,A,259
1569,2332,2026-06-03,A,257
1570,2336,2025-04-16,A,45
1571,2337,2026-07-21,A,200
1572,2338,2026-05-28,A,163
1573,2339,2026-08-30,A,148
1574,2340,2026-05-24,A,425
1575,2341,2026-04-14,A,102
1576,2344,2024-09-15,A,402
1577,2345,2026-01-08,A,141
1578,2347,2025-05-28,B,118
1579,2348,2024-12-19,A,47
1580,2349,2026-04-27,A,224
1581,2351,2024-07-23,A,58
1582,2352,2025-03-18,A,84
1583,2356,2024-12-03,A,296
1584,2358,2025-11-10,B,442
1585,2359,2025-07-25,B,404
1586,2360,2025-10-06,B,155
1587,2361,2025-11-29,A,114
1588,2362,2026-03-15,A,241
1589,2366,2025-11-06,A,159
1590,2367,2026-07-21,A,139
1591,2368,2026-03-09,A,205
1592,2370,2025-12-29,A,372
1593,2371,2025-11-13,A,20
1594,2373,2024-09-08,A,96
1595,2375,2026-06-29,A,446
1596,2378,2026-02-16,A,26
1597,2379,2025-07-08,A,127
1598,2380,2024-12-13,A,98
1599,2381,2026-11-01,A,74
1600,2382,2026-04-20,A,319
1601,2383,2025-09-06,A,355
1602,2384,2025-06-14,A,298
1603,2385,2025-06-20,A,425
1604,2386,2024-09-29,B,53
1605,2387,2025-11-11,A,90
1606,2388,2026-05-14,A,96
1607,2389,2025-12-23,A,85
1608,2390,2024-10-10,A,397
1609,2393,2025-06-06,A,82
1610,2394,2025-01-29,A,394
1611,2395,2025-04-05,A,317
1612,2396,2024-11-08,A,420
1613,2397,2025-06-22,A,20
1614,2398,2026-06-21,A,386
1615,2403,2025-07-09,A,240
1616,2404,2026-04-23,A,340
1617,2405,2026-09-13,A,184
1618,2406,2025-07-19,A,244
1619,2407,2026-05-29,A,77
1620,2409,2024-11-13,A,359
1621,2410,2025-03-21,A,71
1622,2412,2025-01-04,A,278
1623,2413,2026-06-01,A,149
1624,2415,2025-12-01,A,355
1625,2416,2026-09-22,A,337
1626,2417,2026-06-09,A,94
1627,2421,2025-12-17,A,330
1628,2422,2026-05-06,A,158
1629,2425,2025-04-14,A,45
1630,2427,2025-02-16,A,174
1631,2428,2026-06-07,A,73
1632,2429,2026-04-13,A,324
1633,2430,2024-11-06,A,420
1634,2432,2025-02-25,B,22
1635,2434,2025-01-28,A,275
1636,2437,2025-11-30,A,121
1637,2438,2024-04-20,A,41
1638,2439,2024-12-26,A,236
1639,2440,2026-11-11,A,3
1640,2442,2025-07-27,A,71
1641,2443,2025-04-18,A,285
1642,2444,2025-03-28,A,413
1643,2446,2025-03-11,A,152
1644,2447,2026-08-31,A,80
1645,2451,2025-06-23,A,57
1646,2452,2024-04-26,A,425
1647,2453,2024-10-09,A,68
1648,2455,2026-03-22,A,45
1649,2457,2026-12-09,A,180
1650,2458,2025-10-15,A,48
1651,2460,2024-12-29,A,223
1652,2462,2026-02-27,A,194
1653,2463,2026-04-14,A,50
1654,2464,2024-11-12,A,100
1655,2465,2026-03-02,A,105
1656,2467,2026-10-22,A,357
1657,2468,2026-06-11,A,166
1658,2469,2026-04-03,A,438
1659,2470,2025-12-26,A,420
1660,2471,2024-03-20,A,193
1661,2473,2026-02-25,A,283
1662,2474,2026-06-12,A,26
1663,2476,2026-01-26,A,145
1664,2477,2026-12-01,A,28
1665,2478,2026-01-12,A,173
1666,2479,2026-09-24,A,167
1667,2480,2025-04-27,A,64
1668,2481,2025-06-22,A,166
1669,2482,2025-09-29,A,323
1670,2483,2025-04-16,A,279
1671,2484,2026-03-25,A,101
1672,2485,2025-02-26,B,388
1673,2486,2026-07-18,A,213
1674,2487,2026-08-08,A,426
1675,2488,2026-09-11,A,185
1676,2489,2025-03-01,A,259
1677,2490,2026-02-16,A,368
1678,2492,2025-05-10,A,293
1679,2493,2025-04-09,A,406
1680,2497,2024-08-30,A,54
1681,2498,2026-11-09,A,65
1682,2499,2024-12-05,A,68
1683,2500,2025-07-11,A,236
1684,2501,2024-10-26,A,125
1685,2502,2026-07-01,A,322
1686,2503,2025-08-05,A,348
1687,2504,2025-10-25,A,419
1688,2506,2025-04-28,A,356
1689,2507,2026-08-07,A,164
1690,2509,2026-09-29,A,251
1691,2510,2027-01-08,A,190
1692,2511,2026-08-11,A,11
1693,2512,2024-08-19,A,106
1694,2514,2026-11-09,A,271
1695,2515,2025-04-19,A,210
1696,2516,2026-01-03,A,420
1697,2517,2026-06-23,A,201
1698,2518,2026-05-22,A,62
1699,2519,2024-08-18,B,330
1700,2520,2026-05-08,A,129
1701,2521,2025-12-02,A,26
1702,2522,2025-06-04,A,69
1703,2523,2026-09-28,A,155
1704,2524,2025-12-02,A,266
1705,2526,2024-07-31,B,348
1706,2527,2024-10-04,A,169
1707,2528,2026-12-21,A,318
1708,2529,2026-05-15,A,403
1709,2530,2026-04-15,A,78
1710,2532,2026-06-19,A,70
1711,2534,2027-01-10,A,38
1712,2536,2026-05-03,A,56
1713,2537,2026-05-18,A,105
1714,2538,2026-04-07,A,292
1715,2539,2026-05-10,A,46
1716,2540,2026-03-02,A,135
1717,2542,2024-09-07,A,349
1718,2545,2026-07-27,A,440
1719,2548,2026-05-12,A,363
1720,2549,2025-03-03,A,84
1721,2550,2026-03-14,A,107
1722,2551,2025-10-16,A,297
1723,2553,2024-05-31,A,432
1724,2555,2026-07-25,A,97
1725,2556,2025-09-26,B,165
1726,2557,2025-10-06,A,53
1727,2558,2026-02-24,A,353
1728,2559,2026-10-31,A,398
1729,2562,2024-05-06,A,124
1730,2563,2026-03-12,A,6
1731,2567,2026-07-11,A,383
1732,2568,2025-09-14,A,403
1733,2569,2024-07-02,A,433
1734,2570,2026-07-15,A,387
1735,2574,2025-11-12,A,328
1736,2575,2025-07-12,A,400
1737,2578,2025-07-16,A,12
1738,2580,2026-11-04,A,2
1739,2581,2025-04-01,B,238
1740,2582,2024-09-07,A,237
1741,2584,2025-12-19,A,362
1742,2586,2027-01-20,A,63
1743,2587,2024-05-04,A,378
1744,2588,2026-08-26,A,439
1745,2590,2024-11-10,B,362
1746,2591,2026-07-16,A,219
1747,2593,2026-06-14,A,45
1748,2596,2025-01-02,A,392
1749,2597,2025-03-21,A,201
1750,2599,2026-05-29,A,428
1751,2600,2025-05-18,A,237
1752,2601,2024-09-16,A,307
1753,2603,2026-09-25,A,409
1754,2604,2026-05-27,A,416
1755,2606,2025-11-16,A,345
1756,2607,2026-01-13,A,89
1757,2609,2026-01-24,A,98
1758,2610,2025-05-27,A,365
1759,2612,2025-05-24,A,250
1760,2613,2026-10-03,A,160
1761,2614,2025-04-16,A,172
1762,2615,2026-06-07,A,422
1763,2616,2025-07-16,A,208
1764,2617,2026-05-08,A,276
1765,2620,2026-11-18,A,324
1766,2621,2025-04-28,A,18
1767,2622,2025-06-28,A,79
1768,2624,2024-06-27,A,25
1769,2626,2026-02-26,A,176
1770,2627,2025-10-25,A,226
1771,2628,2024-11-21,A,45
1772,2629,2025-02-14,A,130
1773,2630,2026-11-18,A,400
1774,2631,2025-02-10,A,87
1775,2634,2024-12-31,A,319
1776,2635,2025-10-23,A,319
1777,2640,2026-07-10,A,427
1778,2642,2026-08-05,A,218
1779,2643,2026-03-25,A,166
1780,2644,2026-03-03,A,204
1781,2645,2026-04-22,A,139
1782,2646,2026-02-20,A,141
1783,2648,2026-06-12,A,166
1784,2649,2024-11-28,A,55
1785,2650,2026-04-27,A,321
1786,2651,2024-06-08,A,317
1787,2652,2024-07-18,A,61
1788,2654,2025-02-17,A,62
1789,2655,2025-09-12,B,66
1790,2656,2024-12-07,A,250
1791,2657,2026-06-28,A,25
1792,2658,2026-05-16,A,60
1793,2659,2026-01-08,A,194
1794,2661,2025-07-21,A,162
1795,2662,2025-08-06,A,58
1796,2663,2025-06-10,A,381
1797,2664,2026-07-01,A,23
1798,2667,2024-07-15,A,185
1799,2669,2026-05-16,A,403
1800,2670,2026-07-01,A,336
1801,2671,2024-04-21,A,206
1802,2673,2024-11-05,A,20
1803,2674,2025-07-11,A,171
1804,2675,2026-05-05,A,35
1805,2677,2026-12-08,A,53
1806,2679,2026-02-23,A,380
1807,2680,2024-08-09,A,338
1808,2681,2025-06-23,A,24
1809,2683,2025-02-10,A,241
1810,2684,2026-01-01,A,161
1811,2685,2026-07-13,A,328
1812,2687,2026-01-18,A,104
1813,2689,2025-02-26,B,171
1814,2690,2025-01-31,A,346
1815,2692,2025-01-13,A,124
1816,2693,2024-04-19,A,157
1817,2695,2026-09-10,A,142
1818,2697,2024-12-27,A,295
1819,2698,2026-11-21,A,409
1820,2699,2024-04-22,A,391
1821,2700,2026-12-24,A,310
1822,2702,2025-08-05,A,30
1823,2703,2026-01-05,A,113
1824,2705,2026-11-29,A,107
1825,2706,2025-06-26,A,101
1826,2707,2025-08-28,A,339
1827,2708,2026-04-23,A,358
1828,2710,2026-07-30,A,191
1829,2711,2027-03-27,A,73
1830,2712,2026-06-30,A,82
1831,2715,2025-06-05,A,377
1832,2716,2026-12-01,A,353
1833,2717,2026-03-02,A,329
1834,2718,2026-05-20,A,103
1835,2719,2024-12-20,A,323
1836,2720,2026-01-31,A,404
1837,2722,2026-08-16,A,348
1838,2723,2025-02-17,A,225
1839,2725,2026-02-24,A,16
1840,2726,2025-09-25,A,124
1841,2727,2024-11-12,A,373
1842,2728,2026-03-11,A,165
1843,2729,2025-05-09,B,35
1844,2731,2024-08-06,A,104
1845,2732,2026-10-01,A,369
1846,2733,2027-02-20,A,249
1847,2734,2024-12-16,A,271
1848,2735,2026-06-16,A,113
1849,2737,2026-05-23,A,101
1850,2739,2025-05-06,A,239
1851,2741,2024-06-15,A,267
1852,2742,2025-05-14,A,100
1853,2744,2024-11-19,A,230
1854,2745,2024-07-02,A,16
1855,2747,2024-11-12,A,112
1856,2748,2026-09-29,A,235
1857,2750,2026-08-03,A,330
1858,2753,2026-04-10,A,269
1859,2755,2025-08-01,A,40
1860,2756,2025-03-30,B,4
1861,2758,2024-09-23,A,77
1862,2760,2025-11-09,A,158
1863,2762,2026-04-07,A,19
1864,2764,2026-04-08,A,100
1865,2766,2026-04-27,A,145
1866,2767,2026-05-24,A,353
1867,2768,2026-01-20,A,437
1868,2770,2026-02-08,A,73
1869,2771,2025-08-28,A,272
1870,2772,2026-11-08,A,325
1871,2773,2027-01-05,A,21
1872,2776,2026-10-22,A,237
1873,2778,2024-12-02,A,225
1874,2779,2026-01-18,A,388
1875,2781,2026-03-24,A,74
1876,2782,2025-09-18,A,359
1877,2783,2025-02-24,B,131
1878,2784,2026-12-24,A,131
1879,2785,2025-06-30,A,241
1880,2786,2025-01-17,A,248
1881,2788,2025-11-17,A,46
1882,2789,2025-07-01,B,356
1883,2790,2024-11-05,A,137
1884,2791,2025-03-04,A,89
1885,2792,2026-07-12,A,93
1886,2793,2024-11-18,A,82
1887,2795,2024-10-23,A,361
1888,2796,2024-06-09,A,425
1889,2797,2025-06-24,A,135
1890,2800,2025-04-26,A,24
1891,2801,2025-04-05,A,374
1892,2802,2026-05-28,A,63
1893,2803,2024-12-29,A,83
1894,2804,2027-02-06,A,99
1895,2805,2025-08-03,B,360
1896,2809,2026-05-17,A,378
1897,2810,2026-12-19,A,208
1898,2811,2026-04-05,A,194
1899,2813,2027-01-12,A,221
1900,2814,2025-09-27,B,195
1901,2815,2025-11-23,A,52
1902,2816,2025-11-08,A,202
1903,2817,2025-08-18,A,332
1904,2818,2025-03-02,A,102
1905,2820,2025-03-30,A,319
1906,2821,2025-06-10,A,325
1907,2822,2026-11-08,A,73
1908,2823,2024-10-29,A,323
1909,2824,2026-05-17,A,320
1910,2826,2025-12-09,A,65
1911,2827,2026-03-22,A,70
1912,2829,2027-02-02,A,96
1913,2830,2026-05-14,A,100
1914,2831,2025-09-16,B,64
1915,2832,2026-05-31,A,100
1916,2834,2026-12-28,A,278
1917,2835,2024-10-20,A,122
1918,2836,2025-10-08,A,121
1919,2837,2025-12-17,A,121
1920,2839,2025-08-10,A,323
1921,2840,2026-06-05,A,332
1922,2841,2027-02-07,A,109
1923,2843,2024-06-25,A,115
1924,2844,2025-10-28,A,108
1925,2846,2024-08-25,A,432
1926,2847,2026-05-26,A,168
1927,2848,2026-05-31,A,161
1928,2849,2025-07-25,A,174
1929,2850,2026-12-12,A,157
1930,2851,2025-08-26,A,399
1931,2852,2026-09-11,A,173
1932,2856,2026-03-18,A,69
1933,2858,2026-02-12,A,82
1934,2861,2026-11-16,A,131
1935,2864,2026-12-07,A,99
1936,2865,2026-05-03,A,83
1937,2867,2026-11-11,A,103
1938,2868,2026-05-21,A,94
1939,2869,2026-05-26,A,92
1940,2872,2026-05-27,A,101
1941,2873,2026-06-05,A,73
1942,2877,2026-06-30,A,67
1943,2878,2026-12-20,A,100
1944,2880,2026-09-18,A,75
1945,2881,2026-11-12,A,70
1946,2882,2026-08-31,A,78
1947,2883,2026-12-11,A,104
1948,2884,2027-01-08,A,96
1949,2885,2026-11-13,A,71
1950,2887,2026-06-08,A,62
1951,2888,2027-01-13,A,66
1952,2889,2026-08-24,A,89
1953,2890,2026-07-28,A,76
1954,2891,2026-11-12,A,103
1955,2892,2026-05-11,A,105
1956,2894,2026-06-02,A,102
1957,2895,2026-08-15,A,101
