MOID,CaseMasterID,MOTagID,Description,Confidence
1,2,11,,0.889
2,2,2,,0.895
3,5,9,,0.838
4,6,9,,0.777
5,10,9,,0.887
6,12,11,,0.91
7,12,2,,0.766
8,13,1,,0.912
9,15,9,,0.975
10,17,4,,0.728
11,17,8,,0.771
12,18,1,,0.915
13,20,5,,0.888
14,23,1,,0.845
15,25,6,,0.822
16,27,11,,0.857
17,28,9,,0.951
18,28,3,,0.748
19,36,12,,0.858
20,40,1,,0.829
21,40,11,,0.859
22,45,9,,0.907
23,46,15,,0.951
24,46,14,,0.921
25,48,16,,0.725
26,51,1,,0.851
27,53,6,,0.94
28,55,9,,0.947
29,56,9,,0.923
30,58,4,,0.723
31,58,17,,0.853
32,59,5,,0.858
33,60,1,,0.868
34,60,11,,0.784
35,61,1,,0.886
36,62,1,,0.898
37,63,6,,0.794
38,64,9,,0.952
39,65,9,,0.749
40,66,9,,0.945
41,68,2,,0.76
42,70,11,,0.922
43,71,13,,0.968
44,73,1,,0.821
45,76,17,,0.774
46,77,3,,0.849
47,80,9,,0.787
48,85,14,,0.979
49,87,9,,0.742
50,91,6,,0.81
51,94,9,,0.862
52,95,2,,0.87
53,99,9,,0.774
54,103,9,,0.957
55,104,12,,0.92
56,106,2,,0.906
57,110,1,,0.906
58,111,1,,0.738
59,112,12,,0.962
60,113,13,,0.767
61,115,1,,0.779
62,118,9,,0.879
63,118,3,,0.828
64,128,2,,0.85
65,128,11,,0.787
66,130,5,,0.783
67,132,4,,0.764
68,132,5,,0.72
69,133,8,,0.924
70,133,4,,0.799
71,136,9,,0.75
72,140,9,,0.834
73,143,1,,0.79
74,144,9,,0.82
75,147,3,,0.843
76,148,9,,0.901
77,150,11,,0.878
78,151,9,,0.895
79,152,9,,0.879
80,153,11,,0.802
81,155,1,,0.728
82,156,16,,0.826
83,159,11,,0.771
84,160,12,,0.911
85,164,14,,0.828
86,165,8,,0.826
87,169,1,,0.88
88,170,1,,0.765
89,171,9,,0.77
90,172,11,,0.966
91,172,2,,0.745
92,174,15,,0.897
93,175,2,,0.821
94,175,11,,0.732
95,181,16,,0.856
96,183,11,,0.847
97,184,1,,0.879
98,185,5,,0.916
99,187,1,,0.728
100,188,13,,0.927
101,196,9,,0.882
102,198,13,,0.773
103,199,9,,0.966
104,200,8,,0.867
105,200,4,,0.837
106,202,3,,0.874
107,217,9,,0.872
108,220,11,,0.909
109,220,2,,0.839
110,224,9,,0.922
111,226,1,,0.867
112,228,2,,0.83
113,228,11,,0.839
114,229,13,,0.792
115,234,9,,0.861
116,235,11,,0.897
117,237,6,,0.822
118,240,15,,0.805
119,241,14,,0.75
120,242,4,,0.967
121,242,5,,0.951
122,244,14,,0.965
123,246,1,,0.774
124,247,5,,0.892
125,247,4,,0.896
126,248,1,,0.807
127,248,11,,0.721
128,250,11,,0.898
129,251,9,,0.83
130,252,6,,0.79
131,254,8,,0.977
132,254,4,,0.888
133,255,14,,0.933
134,255,15,,0.971
135,257,11,,0.844
136,258,11,,0.952
137,260,13,,0.846
138,261,17,,0.862
139,261,4,,0.739
140,263,6,,0.896
141,264,1,,0.901
142,264,11,,0.92
143,268,16,,0.786
144,269,11,,0.877
145,270,4,,0.97
146,270,5,,0.74
147,273,13,,0.754
148,274,1,,0.752
149,275,12,,0.949
150,276,1,,0.747
151,277,1,,0.975
152,278,11,,0.877
153,279,4,,0.882
154,279,5,,0.908
155,280,2,,0.791
156,280,11,,0.799
157,283,11,,0.87
158,283,2,,0.793
159,286,3,,0.838
160,288,1,,0.818
161,289,5,,0.837
162,290,11,,0.851
163,290,2,,0.852
164,292,16,,0.865
165,293,2,,0.754
166,293,11,,0.827
167,297,12,,0.724
168,298,1,,0.844
169,299,12,,0.867
170,303,3,,0.742
171,304,9,,0.729
172,304,3,,0.725
173,308,9,,0.808
174,314,13,,0.808
175,315,9,,0.964
176,316,9,,0.742
177,317,14,,0.745
178,318,2,,0.889
179,318,11,,0.811
180,319,9,,0.814
181,323,14,,0.757
182,324,12,,0.737
183,326,9,,0.849
184,327,1,,0.78
185,329,11,,0.837
186,331,2,,0.93
187,332,9,,0.904
188,333,1,,0.797
189,333,11,,0.834
190,334,6,,0.812
191,334,4,,0.853
192,338,2,,0.778
193,338,11,,0.929
194,340,6,,0.905
195,342,5,,0.915
196,344,17,,0.895
197,344,4,,0.951
198,345,9,,0.921
199,345,3,,0.833
200,347,11,,0.756
201,348,9,,0.849
202,351,11,,0.752
203,352,11,,0.824
204,353,1,,0.903
205,354,3,,0.765
206,355,12,,0.875
207,356,4,,0.958
208,356,17,,0.966
209,357,11,,0.85
210,361,1,,0.958
211,361,11,,0.923
212,363,2,,0.749
213,364,4,,0.875
214,364,17,,0.902
215,365,4,,0.914
216,365,5,,0.893
217,366,9,,0.862
218,371,2,,0.785
219,371,11,,0.775
220,374,12,,0.943
221,375,9,,0.941
222,378,9,,0.818
223,383,14,,0.823
224,384,11,,0.814
225,384,1,,0.962
226,385,9,,0.786
227,386,5,,0.746
228,386,4,,0.968
229,389,6,,0.825
230,389,5,,0.825
231,394,5,,0.764
232,396,9,,0.946
233,397,1,,0.738
234,401,1,,0.947
235,405,9,,0.766
236,407,11,,0.781
237,407,2,,0.896
238,409,1,,0.79
239,410,15,,0.834
240,411,6,,0.963
241,411,5,,0.812
242,413,9,,0.809
243,416,11,,0.848
244,416,1,,0.942
245,417,1,,0.84
246,418,9,,0.844
247,419,17,,0.928
248,421,9,,0.933
249,422,13,,0.909
250,425,12,,0.838
251,427,5,,0.828
252,427,6,,0.892
253,428,11,,0.904
254,428,2,,0.813
255,431,6,,0.77
256,432,17,,0.906
257,432,4,,0.844
258,434,2,,0.756
259,435,16,,0.85
260,436,1,,0.868
261,438,13,,0.737
262,440,12,,0.924
263,441,5,,0.791
264,443,9,,0.934
265,444,3,,0.915
266,444,9,,0.939
267,445,9,,0.816
268,447,11,,0.935
269,447,1,,0.969
270,450,9,,0.765
271,452,12,,0.965
272,456,9,,0.97
273,460,12,,0.96
274,462,12,,0.795
275,464,15,,0.863
276,464,14,,0.936
277,467,6,,0.949
278,468,1,,0.761
279,470,5,,0.953
280,471,4,,0.761
281,471,17,,0.875
282,472,9,,0.78
283,473,5,,0.723
284,474,16,,0.931
285,475,2,,0.915
286,476,1,,0.777
287,476,11,,0.931
288,477,3,,0.739
289,478,9,,0.787
290,478,3,,0.845
291,480,14,,0.732
292,480,15,,0.766
293,481,1,,0.892
294,485,9,,0.784
295,487,1,,0.961
296,489,9,,0.88
297,491,5,,0.768
298,494,14,,0.947
299,499,9,,0.802
300,500,1,,0.865
301,501,13,,0.926
302,502,4,,0.93
303,502,5,,0.801
304,503,9,,0.888
305,505,1,,0.794
306,512,9,,0.756
307,513,11,,0.939
308,514,5,,0.938
309,514,6,,0.849
310,516,1,,0.878
311,517,9,,0.81
312,518,13,,0.836
313,527,11,,0.825
314,530,3,,0.776
315,530,9,,0.88
316,531,9,,0.974
317,531,3,,0.977
318,535,16,,0.833
319,536,12,,0.787
320,537,6,,0.945
321,539,2,,0.866
322,540,9,,0.852
323,540,3,,0.893
324,541,11,,0.93
325,548,13,,0.894
326,550,12,,0.783
327,553,4,,0.742
328,555,13,,0.81
329,556,1,,0.914
330,559,13,,0.748
331,561,14,,0.836
332,563,14,,0.815
333,565,1,,0.753
334,566,17,,0.917
335,568,3,,0.86
336,568,9,,0.764
337,569,9,,0.921
338,570,14,,0.778
339,571,6,,0.858
340,571,8,,0.875
341,573,8,,0.893
342,573,5,,0.879
343,578,1,,0.902
344,579,2,,0.948
345,584,6,,0.79
346,585,14,,0.747
347,587,14,,0.845
348,589,14,,0.723
349,589,15,,0.967
350,590,11,,0.796
351,590,1,,0.774
352,591,12,,0.781
353,592,4,,0.783
354,595,2,,0.963
355,596,13,,0.934
356,597,1,,0.805
357,598,9,,0.882
358,600,3,,0.777
359,601,1,,0.935
360,604,4,,0.791
361,604,17,,0.875
362,606,9,,0.807
363,607,9,,0.89
364,608,13,,0.73
365,610,15,,0.91
366,612,6,,0.877
367,614,14,,0.96
368,617,2,,0.801
369,618,9,,0.96
370,619,9,,0.936
371,620,9,,0.941
372,622,6,,0.75
373,623,14,,0.895
374,626,9,,0.747
375,628,6,,0.815
376,632,1,,0.826
377,634,11,,0.814
378,634,2,,0.932
379,637,9,,0.868
380,641,4,,0.863
381,641,17,,0.79
382,642,11,,0.909
383,644,2,,0.833
384,646,2,,0.861
385,646,11,,0.721
386,647,1,,0.922
387,648,15,,0.972
388,649,14,,0.755
389,651,9,,0.915
390,652,11,,0.971
391,652,1,,0.84
392,655,14,,0.888
393,661,12,,0.736
394,663,11,,0.942
395,664,1,,0.927
396,665,9,,0.784
397,665,3,,0.761
398,667,6,,0.774
399,670,9,,0.852
400,672,2,,0.795
401,672,11,,0.776
402,673,9,,0.884
403,675,1,,0.895
404,676,9,,0.835
405,680,4,,0.911
406,682,11,,0.74
407,683,9,,0.893
408,684,9,,0.746
409,687,5,,0.837
410,688,1,,0.889
411,688,11,,0.769
412,689,9,,0.743
413,690,11,,0.867
414,690,2,,0.769
415,691,14,,0.891
416,693,4,,0.735
417,696,12,,0.962
418,699,9,,0.941
419,700,11,,0.812
420,700,1,,0.771
421,701,9,,0.857
422,704,15,,0.958
423,706,15,,0.871
424,707,9,,0.977
425,708,4,,0.851
426,708,5,,0.775
427,712,3,,0.787
428,712,9,,0.74
429,714,16,,0.793
430,716,17,,0.884
431,720,14,,0.749
432,724,2,,0.808
433,724,11,,0.896
434,725,6,,0.738
435,728,4,,0.967
436,730,8,,0.751
437,731,9,,0.959
438,732,1,,0.937
439,733,11,,0.837
440,733,2,,0.901
441,734,6,,0.939
442,735,1,,0.857
443,736,9,,0.771
444,741,1,,0.914
445,746,2,,0.735
446,746,11,,0.951
447,747,3,,0.827
448,747,9,,0.906
449,748,1,,0.726
450,749,16,,0.899
451,751,9,,0.938
452,753,13,,0.841
453,754,9,,0.761
454,756,12,,0.954
455,757,9,,0.809
456,765,9,,0.753
457,766,1,,0.792
458,769,11,,0.789
459,769,2,,0.734
460,770,2,,0.897
461,774,1,,0.859
462,775,1,,0.822
463,775,11,,0.782
464,778,16,,0.919
465,780,4,,0.898
466,782,5,,0.94
467,782,4,,0.829
468,783,4,,0.928
469,783,17,,0.937
470,784,8,,0.849
471,786,9,,0.896
472,787,9,,0.87
473,787,3,,0.905
474,790,1,,0.849
475,792,14,,0.931
476,796,9,,0.939
477,798,9,,0.787
478,800,9,,0.822
479,800,3,,0.854
480,801,17,,0.824
481,802,9,,0.954
482,803,9,,0.761
483,804,13,,0.928
484,805,9,,0.72
485,807,15,,0.883
486,807,14,,0.743
487,808,16,,0.882
488,812,2,,0.813
489,815,11,,0.732
490,816,6,,0.93
491,819,1,,0.816
492,820,3,,0.906
493,820,9,,0.851
494,821,4,,0.791
495,824,3,,0.892
496,825,9,,0.899
497,828,9,,0.752
498,829,13,,0.822
499,832,9,,0.878
500,832,3,,0.793
501,834,3,,0.913
502,837,9,,0.839
503,838,9,,0.809
504,839,5,,0.956
505,839,4,,0.846
506,842,13,,0.878
507,843,6,,0.965
508,843,5,,0.796
509,844,9,,0.745
510,847,12,,0.797
511,850,9,,0.78
512,854,14,,0.964
513,857,16,,0.907
514,858,14,,0.865
515,859,9,,0.868
516,862,4,,0.841
517,863,14,,0.918
518,865,12,,0.95
519,866,11,,0.76
520,866,2,,0.77
521,867,5,,0.979
522,871,5,,0.73
523,871,4,,0.979
524,872,9,,0.833
525,874,3,,0.905
526,878,13,,0.741
527,879,11,,0.745
528,881,9,,0.901
529,882,11,,0.848
530,886,14,,0.751
531,887,1,,0.934
532,888,9,,0.817
533,889,9,,0.907
534,892,2,,0.892
535,896,9,,0.767
536,897,13,,0.836
537,898,13,,0.936
538,899,14,,0.897
539,904,9,,0.73
540,905,14,,0.726
541,906,3,,0.791
542,908,9,,0.827
543,912,5,,0.95
544,913,6,,0.791
545,914,15,,0.765
546,915,8,,0.801
547,916,1,,0.879
548,918,1,,0.863
549,919,1,,0.852
550,919,11,,0.828
551,920,1,,0.726
552,921,4,,0.958
553,923,14,,0.978
554,925,9,,0.957
555,926,9,,0.756
556,927,9,,0.756
557,928,4,,0.98
558,928,5,,0.931
559,930,4,,0.934
560,931,9,,0.826
561,933,11,,0.737
562,935,5,,0.926
563,938,16,,0.937
564,939,1,,0.769
565,943,4,,0.745
566,944,9,,0.957
567,945,9,,0.912
568,946,2,,0.822
569,946,11,,0.855
570,950,9,,0.925
571,951,9,,0.942
572,953,9,,0.751
573,954,12,,0.836
574,956,14,,0.888
575,957,9,,0.775
576,957,3,,0.812
577,964,14,,0.816
578,964,15,,0.805
579,965,1,,0.759
580,966,17,,0.759
581,966,4,,0.878
582,969,4,,0.859
583,969,17,,0.917
584,970,9,,0.788
585,971,1,,0.865
586,972,1,,0.737
587,972,11,,0.8
588,973,9,,0.828
589,975,9,,0.818
590,977,11,,0.833
591,978,6,,0.824
592,978,5,,0.8
593,979,3,,0.73
594,979,9,,0.735
595,980,9,,0.724
596,982,4,,0.851
597,982,5,,0.882
598,986,1,,0.843
599,988,4,,0.79
600,989,1,,0.92
601,990,17,,0.941
602,990,4,,0.765
603,991,12,,0.925
604,992,9,,0.799
605,993,1,,0.837
606,995,8,,0.953
607,996,9,,0.932
608,997,16,,0.84
609,998,1,,0.88
610,999,12,,0.77
611,1000,3,,0.787
612,1001,12,,0.857
613,1003,2,,0.943
614,1003,11,,0.775
615,1005,11,,0.782
616,1006,2,,0.949
617,1006,11,,0.743
618,1008,6,,0.808
619,1008,5,,0.803
620,1009,11,,0.742
621,1011,8,,0.815
622,1013,2,,0.755
623,1013,11,,0.758
624,1015,9,,0.925
625,1016,14,,0.832
626,1020,1,,0.948
627,1021,1,,0.738
628,1023,15,,0.75
629,1024,9,,0.803
630,1026,9,,0.797
631,1031,12,,0.862
632,1032,16,,0.886
633,1038,1,,0.813
634,1040,14,,0.73
635,1042,9,,0.904
636,1048,9,,0.82
637,1051,5,,0.794
638,1054,9,,0.773
639,1056,2,,0.839
640,1057,11,,0.857
641,1059,8,,0.976
642,1063,9,,0.764
643,1064,12,,0.725
644,1065,2,,0.828
645,1067,1,,0.752
646,1068,5,,0.976
647,1070,17,,0.817
648,1072,1,,0.794
649,1073,1,,0.8
650,1076,9,,0.762
651,1079,12,,0.844
652,1080,11,,0.951
653,1080,2,,0.939
654,1081,16,,0.971
655,1082,9,,0.785
656,1083,11,,0.892
657,1083,2,,0.865
658,1085,16,,0.894
659,1087,6,,0.806
660,1089,5,,0.819
661,1090,1,,0.865
662,1095,5,,0.912
663,1097,16,,0.749
664,1099,6,,0.864
665,1101,9,,0.882
666,1105,12,,0.914
667,1108,17,,0.898
668,1109,3,,0.923
669,1109,9,,0.862
670,1112,12,,0.922
671,1114,13,,0.79
672,1115,14,,0.903
673,1118,13,,0.73
674,1119,9,,0.866
675,1123,9,,0.86
676,1124,2,,0.91
677,1128,9,,0.89
678,1129,9,,0.921
679,1130,1,,0.934
680,1134,5,,0.824
681,1134,6,,0.767
682,1135,11,,0.782
683,1140,4,,0.733
684,1152,9,,0.899
685,1155,9,,0.739
686,1155,3,,0.757
687,1159,9,,0.942
688,1163,9,,0.822
689,1164,1,,0.798
690,1165,17,,0.953
691,1166,2,,0.948
692,1166,11,,0.895
693,1169,9,,0.772
694,1170,9,,0.89
695,1170,3,,0.805
696,1172,1,,0.842
697,1176,1,,0.759
698,1177,9,,0.758
699,1179,17,,0.846
700,1182,2,,0.721
701,1183,17,,0.962
702,1183,4,,0.811
703,1184,4,,0.837
704,1184,17,,0.724
705,1185,3,,0.871
706,1188,16,,0.77
707,1194,12,,0.84
708,1195,12,,0.827
709,1196,16,,0.881
710,1200,6,,0.98
711,1201,6,,0.734
712,1204,17,,0.853
713,1204,4,,0.916
714,1209,9,,0.824
715,1211,9,,0.878
716,1213,11,,0.979
717,1213,1,,0.814
718,1214,11,,0.732
719,1217,8,,0.779
720,1217,6,,0.903
721,1218,17,,0.853
722,1218,4,,0.829
723,1219,13,,0.833
724,1220,6,,0.841
725,1221,9,,0.735
726,1222,12,,0.979
727,1224,12,,0.964
728,1225,11,,0.772
729,1230,4,,0.871
730,1231,1,,0.836
731,1239,2,,0.963
732,1240,6,,0.821
733,1246,3,,0.942
734,1247,4,,0.768
735,1247,17,,0.768
736,1248,11,,0.963
737,1248,1,,0.843
738,1252,9,,0.795
739,1253,9,,0.746
740,1254,3,,0.796
741,1255,12,,0.869
742,1256,9,,0.732
743,1257,17,,0.915
744,1258,13,,0.819
745,1261,1,,0.881
746,1263,9,,0.826
747,1267,11,,0.924
748,1268,1,,0.956
749,1269,16,,0.762
750,1270,14,,0.814
751,1272,12,,0.878
752,1274,9,,0.971
753,1275,9,,0.754
754,1278,1,,0.771
755,1279,14,,0.939
756,1281,11,,0.849
757,1281,1,,0.746
758,1282,4,,0.939
759,1284,2,,0.895
760,1284,11,,0.789
761,1286,12,,0.961
762,1287,3,,0.79
763,1289,9,,0.802
764,1290,9,,0.768
765,1292,9,,0.76
766,1292,3,,0.81
767,1294,13,,0.932
768,1295,1,,0.954
769,1299,9,,0.796
770,1301,3,,0.73
771,1301,9,,0.897
772,1303,4,,0.957
773,1303,5,,0.953
774,1304,9,,0.763
775,1307,1,,0.799
776,1309,1,,0.85
777,1311,9,,0.804
778,1314,13,,0.877
779,1317,1,,0.943
780,1320,11,,0.876
781,1320,2,,0.86
782,1321,13,,0.854
783,1322,13,,0.937
784,1323,9,,0.899
785,1324,9,,0.765
786,1327,11,,0.872
787,1327,1,,0.908
788,1328,13,,0.891
789,1331,1,,0.901
790,1333,1,,0.952
791,1333,11,,0.935
792,1334,11,,0.739
793,1336,6,,0.947
794,1339,1,,0.906
795,1340,5,,0.911
796,1341,9,,0.91
797,1341,3,,0.725
798,1343,4,,0.831
799,1343,17,,0.742
800,1344,14,,0.923
801,1344,15,,0.801
802,1346,5,,0.841
803,1348,1,,0.909
804,1349,9,,0.879
805,1350,11,,0.795
806,1351,11,,0.846
807,1352,9,,0.753
808,1355,9,,0.828
809,1356,1,,0.812
810,1357,3,,0.776
811,1357,9,,0.82
812,1359,3,,0.871
813,1359,9,,0.878
814,1363,9,,0.848
815,1364,9,,0.849
816,1365,1,,0.734
817,1368,9,,0.927
818,1370,6,,0.937
819,1372,17,,0.81
820,1374,9,,0.902
821,1376,1,,0.853
822,1377,15,,0.895
823,1377,14,,0.88
824,1380,9,,0.905
825,1381,17,,0.856
826,1384,4,,0.802
827,1384,5,,0.827
828,1385,17,,0.749
829,1386,9,,0.747
830,1388,1,,0.938
831,1389,3,,0.825
832,1389,9,,0.956
833,1391,2,,0.778
834,1393,12,,0.872
835,1394,4,,0.824
836,1394,17,,0.861
837,1397,2,,0.979
838,1397,11,,0.842
839,1398,14,,0.907
840,1398,15,,0.972
841,1399,11,,0.771
842,1401,9,,0.72
843,1402,16,,0.724
844,1403,16,,0.908
845,1404,9,,0.889
846,1405,9,,0.745
847,1407,4,,0.803
848,1407,17,,0.86
849,1408,9,,0.887
850,1409,12,,0.978
851,1411,17,,0.796
852,1411,4,,0.755
853,1415,11,,0.853
854,1415,2,,0.849
855,1416,9,,0.947
856,1418,14,,0.911
857,1420,9,,0.976
858,1421,6,,0.762
859,1422,1,,0.968
860,1422,11,,0.887
861,1423,2,,0.936
862,1424,4,,0.919
863,1424,17,,0.85
864,1427,1,,0.887
865,1427,11,,0.735
866,1428,11,,0.82
867,1428,1,,0.777
868,1429,9,,0.878
869,1433,1,,0.729
870,1435,1,,0.761
871,1439,12,,0.94
872,1440,1,,0.887
873,1443,9,,0.907
874,1446,16,,0.82
875,1447,2,,0.728
876,1447,11,,0.882
877,1452,9,,0.912
878,1453,9,,0.779
879,1454,6,,0.914
880,1455,1,,0.964
881,1457,3,,0.807
882,1458,9,,0.739
883,1458,3,,0.75
884,1460,12,,0.822
885,1461,6,,0.841
886,1461,5,,0.892
887,1462,9,,0.73
888,1464,13,,0.739
889,1466,4,,0.808
890,1467,17,,0.783
891,1467,4,,0.75
892,1472,1,,0.773
893,1474,9,,0.976
894,1476,2,,0.801
895,1477,9,,0.758
896,1478,9,,0.825
897,1478,3,,0.974
898,1480,12,,0.732
899,1484,14,,0.936
900,1486,17,,0.726
901,1488,1,,0.871
902,1489,9,,0.877
903,1491,9,,0.772
904,1495,11,,0.974
905,1495,1,,0.764
906,1496,9,,0.845
907,1503,6,,0.735
908,1503,8,,0.892
909,1504,6,,0.85
910,1507,11,,0.737
911,1508,9,,0.929
912,1509,9,,0.761
913,1510,12,,0.843
914,1511,12,,0.946
915,1512,9,,0.956
916,1513,8,,0.846
917,1513,5,,0.859
918,1516,1,,0.756
919,1518,6,,0.772
920,1519,1,,0.759
921,1519,11,,0.875
922,1520,6,,0.826
923,1521,9,,0.75
924,1523,9,,0.919
925,1526,9,,0.962
926,1528,6,,0.81
927,1530,6,,0.93
928,1530,5,,0.829
929,1536,9,,0.862
930,1536,3,,0.776
931,1538,6,,0.946
932,1544,13,,0.872
933,1546,1,,0.861
934,1546,11,,0.878
935,1549,6,,0.889
936,1549,4,,0.936
937,1551,9,,0.898
938,1552,9,,0.799
939,1552,3,,0.782
940,1555,12,,0.822
941,1558,5,,0.723
942,1564,4,,0.963
943,1564,8,,0.831
944,1569,9,,0.766
945,1574,17,,0.811
946,1574,4,,0.733
947,1575,1,,0.842
948,1575,11,,0.747
949,1576,12,,0.837
950,1578,5,,0.859
951,1581,1,,0.956
952,1583,9,,0.885
953,1584,5,,0.83
954,1584,4,,0.837
955,1585,9,,0.766
956,1586,3,,0.887
957,1586,9,,0.733
958,1587,5,,0.823
959,1587,4,,0.877
960,1588,9,,0.893
961,1589,5,,0.921
962,1589,4,,0.818
963,1590,4,,0.729
964,1591,2,,0.967
965,1594,14,,0.859
966,1595,9,,0.881
967,1598,17,,0.898
968,1598,4,,0.884
969,1600,12,,0.897
970,1601,11,,0.751
971,1601,2,,0.926
972,1602,4,,0.733
973,1602,17,,0.933
974,1603,11,,0.924
975,1604,9,,0.726
976,1605,1,,0.792
977,1608,13,,0.788
978,1609,11,,0.897
979,1611,5,,0.939
980,1614,2,,0.759
981,1614,11,,0.796
982,1616,9,,0.894
983,1617,3,,0.756
984,1617,9,,0.904
985,1618,9,,0.859
986,1621,9,,0.965
987,1623,1,,0.891
988,1623,11,,0.935
989,1624,9,,0.835
990,1625,1,,0.771
991,1625,11,,0.928
992,1629,12,,0.956
993,1632,9,,0.886
994,1637,6,,0.78
995,1638,9,,0.833
996,1644,3,,0.742
997,1644,9,,0.909
998,1646,9,,0.907
999,1647,13,,0.89
1000,1649,9,,0.761
1001,1651,3,,0.818
1002,1651,9,,0.885
1003,1652,12,,0.97
1004,1653,9,,0.939
1005,1654,9,,0.749
1006,1655,1,,0.925
1007,1657,9,,0.86
1008,1658,3,,0.772
1009,1658,9,,0.904
1010,1660,2,,0.881
1011,1662,4,,0.796
1012,1664,9,,0.98
1013,1665,11,,0.935
1014,1668,9,,0.76
1015,1671,11,,0.895
1016,1671,1,,0.942
1017,1673,11,,0.971
1018,1674,2,,0.727
1019,1676,13,,0.94
1020,1677,9,,0.793
1021,1678,4,,0.721
1022,1678,5,,0.968
1023,1681,3,,0.912
1024,1683,9,,0.944
1025,1686,14,,0.78
1026,1688,1,,0.767
1027,1690,1,,0.809
1028,1691,6,,0.975
1029,1693,11,,0.769
1030,1694,1,,0.853
1031,1695,13,,0.78
1032,1696,4,,0.722
1033,1698,9,,0.933
1034,1699,9,,0.759
1035,1700,9,,0.746
1036,1701,16,,0.977
1037,1703,2,,0.749
1038,1703,11,,0.932
1039,1704,9,,0.93
1040,1704,3,,0.8
1041,1705,9,,0.926
1042,1707,9,,0.891
1043,1707,3,,0.764
1044,1708,3,,0.944
1045,1709,5,,0.961
1046,1710,2,,0.747
1047,1710,11,,0.881
1048,1711,6,,0.854
1049,1716,9,,0.756
1050,1718,4,,0.789
1051,1720,2,,0.775
1052,1722,11,,0.934
1053,1729,6,,0.955
1054,1733,1,,0.947
1055,1733,11,,0.88
1056,1737,1,,0.916
1057,1738,1,,0.736
1058,1738,11,,0.77
1059,1739,1,,0.881
1060,1740,1,,0.841
1061,1742,2,,0.88
1062,1742,11,,0.731
1063,1744,9,,0.903
1064,1745,9,,0.911
1065,1746,9,,0.944
1066,1747,6,,0.76
1067,1750,9,,0.968
1068,1751,14,,0.844
1069,1754,9,,0.916
1070,1755,9,,0.786
1071,1756,11,,0.82
1072,1756,2,,0.906
1073,1757,12,,0.725
1074,1760,11,,0.82
1075,1760,2,,0.814
1076,1762,11,,0.867
1077,1763,6,,0.918
1078,1763,8,,0.764
1079,1766,13,,0.823
1080,1768,1,,0.726
1081,1769,9,,0.946
1082,1770,2,,0.942
1083,1772,2,,0.816
1084,1772,11,,0.757
1085,1773,9,,0.738
1086,1774,9,,0.734
1087,1775,9,,0.921
1088,1776,6,,0.742
1089,1779,9,,0.897
1090,1783,3,,0.851
1091,1784,9,,0.81
1092,1787,6,,0.785
1093,1789,2,,0.829
1094,1790,9,,0.797
1095,1790,3,,0.974
1096,1791,12,,0.86
1097,1792,9,,0.857
1098,1793,14,,0.823
1099,1795,9,,0.897
1100,1796,5,,0.735
1101,1798,9,,0.845
1102,1799,9,,0.836
1103,1800,1,,0.851
1104,1800,11,,0.79
1105,1802,5,,0.938
1106,1802,6,,0.919
1107,1804,9,,0.845
1108,1806,9,,0.941
1109,1806,3,,0.831
1110,1808,9,,0.925
1111,1813,1,,0.746
1112,1816,2,,0.779
1113,1816,11,,0.966
1114,1817,4,,0.751
1115,1819,12,,0.97
1116,1820,9,,0.728
1117,1822,12,,0.774
1118,1824,5,,0.758
1119,1826,1,,0.776
1120,1828,11,,0.851
1121,1828,2,,0.876
1122,1830,16,,0.755
1123,1831,2,,0.749
1124,1831,11,,0.936
1125,1834,9,,0.722
1126,1835,16,,0.963
1127,1839,15,,0.972
1128,1839,14,,0.849
1129,1845,1,,0.759
1130,1846,9,,0.936
1131,1848,4,,0.895
1132,1849,1,,0.727
1133,1849,11,,0.938
1134,1850,2,,0.933
1135,1852,6,,0.942
1136,1855,1,,0.879
1137,1858,1,,0.74
1138,1859,14,,0.721
1139,1859,15,,0.812
1140,1860,3,,0.974
1141,1860,9,,0.728
1142,1862,17,,0.929
1143,1862,4,,0.775
1144,1863,16,,0.82
1145,1865,11,,0.878
1146,1866,9,,0.975
1147,1867,5,,0.853
1148,1869,9,,0.966
1149,1870,16,,0.962
1150,1872,9,,0.968
1151,1873,12,,0.776
1152,1874,1,,0.821
1153,1880,14,,0.933
1154,1880,15,,0.836
1155,1882,14,,0.879
1156,1882,15,,0.826
1157,1884,14,,0.819
1158,1885,11,,0.876
1159,1886,13,,0.914
1160,1891,2,,0.882
1161,1892,4,,0.757
1162,1892,5,,0.776
1163,1893,14,,0.723
1164,1894,4,,0.901
1165,1894,5,,0.912
1166,1897,5,,0.823
1167,1897,4,,0.821
1168,1898,13,,0.978
1169,1902,12,,0.862
1170,1903,9,,0.934
1171,1904,9,,0.747
1172,1905,12,,0.963
1173,1907,6,,0.756
1174,1908,17,,0.817
1175,1910,1,,0.77
1176,1911,11,,0.762
1177,1911,1,,0.948
1178,1912,14,,0.826
1179,1912,15,,0.735
1180,1916,13,,0.854
1181,1918,9,,0.824
1182,1924,11,,0.775
1183,1927,9,,0.722
1184,1928,1,,0.723
1185,1929,11,,0.772
1186,1934,1,,0.888
1187,1935,3,,0.913
1188,1935,9,,0.858
1189,1937,1,,0.956
1190,1938,2,,0.924
1191,1942,15,,0.892
1192,1944,3,,0.953
1193,1945,12,,0.844
1194,1946,5,,0.904
1195,1946,6,,0.724
1196,1948,9,,0.937
1197,1949,9,,0.738
1198,1951,9,,0.762
1199,1956,6,,0.892
1200,1957,6,,0.844
1201,1958,6,,0.976
1202,1962,1,,0.946
1203,1963,2,,0.825
1204,1965,1,,0.978
1205,1967,9,,0.832
1206,1968,4,,0.827
1207,1969,1,,0.814
1208,1970,11,,0.81
1209,1972,6,,0.897
1210,1972,5,,0.96
1211,1973,14,,0.785
1212,1973,15,,0.778
1213,1974,9,,0.827
1214,1978,6,,0.761
1215,1979,9,,0.968
1216,1980,4,,0.831
1217,1980,17,,0.764
1218,1981,6,,0.891
1219,1982,6,,0.97
1220,1985,8,,0.868
1221,1986,2,,0.81
1222,1987,1,,0.957
1223,1988,9,,0.872
1224,1989,13,,0.956
1225,1993,11,,0.831
1226,1993,1,,0.901
1227,1994,9,,0.965
1228,1995,1,,0.761
1229,1997,2,,0.807
1230,1997,11,,0.914
1231,1999,9,,0.757
1232,1999,3,,0.886
1233,2001,2,,0.889
1234,2003,5,,0.779
1235,2005,9,,0.836
1236,2005,3,,0.918
1237,2006,4,,0.832
1238,2006,5,,0.792
1239,2007,12,,0.922
1240,2008,9,,0.858
1241,2011,1,,0.869
1242,2013,1,,0.765
1243,2014,11,,0.876
1244,2015,3,,0.896
1245,2015,9,,0.918
1246,2016,4,,0.752
1247,2016,5,,0.886
1248,2017,8,,0.815
1249,2018,11,,0.937
1250,2018,1,,0.776
1251,2019,1,,0.817
1252,2019,11,,0.735
1253,2021,4,,0.8
1254,2023,1,,0.952
1255,2025,9,,0.955
1256,2027,3,,0.882
1257,2028,16,,0.785
1258,2030,16,,0.749
1259,2031,1,,0.762
1260,2037,17,,0.756
1261,2037,4,,0.873
1262,2038,9,,0.735
1263,2039,12,,0.814
1264,2041,4,,0.784
1265,2042,15,,0.965
1266,2044,12,,0.871
1267,2045,9,,0.86
1268,2045,3,,0.953
1269,2050,6,,0.912
1270,2050,5,,0.945
1271,2053,12,,0.723
1272,2057,9,,0.975
1273,2061,1,,0.756
1274,2061,11,,0.794
1275,2062,8,,0.842
1276,2062,4,,0.739
1277,2066,3,,0.955
1278,2067,9,,0.928
1279,2073,12,,0.874
1280,2077,9,,0.902
1281,2078,14,,0.775
1282,2082,6,,0.919
1283,2083,1,,0.783
1284,2084,9,,0.765
1285,2085,1,,0.762
1286,2088,2,,0.879
1287,2088,11,,0.821
1288,2091,1,,0.958
1289,2094,9,,0.901
1290,2096,1,,0.799
1291,2097,15,,0.868
1292,2097,14,,0.877
1293,2098,3,,0.746
1294,2102,1,,0.9
1295,2107,4,,0.767
1296,2107,17,,0.93
1297,2108,14,,0.938
1298,2111,12,,0.936
1299,2115,1,,0.892
1300,2115,11,,0.837
1301,2120,6,,0.954
1302,2123,1,,0.769
1303,2125,9,,0.856
1304,2127,9,,0.777
1305,2130,15,,0.884
1306,2130,14,,0.958
1307,2132,9,,0.915
1308,2133,9,,0.789
1309,2134,1,,0.873
1310,2138,3,,0.947
1311,2138,9,,0.911
1312,2139,1,,0.856
1313,2144,9,,0.849
1314,2146,14,,0.909
1315,2147,9,,0.819
1316,2149,2,,0.767
1317,2149,11,,0.919
1318,2150,3,,0.794
1319,2151,3,,0.878
1320,2151,9,,0.843
1321,2152,2,,0.766
1322,2155,9,,0.727
1323,2157,9,,0.816
1324,2158,11,,0.722
1325,2163,9,,0.947
1326,2164,3,,0.767
1327,2169,6,,0.915
1328,2170,6,,0.974
1329,2171,13,,0.944
1330,2172,14,,0.882
1331,2173,9,,0.956
1332,2174,17,,0.748
1333,2174,4,,0.961
1334,2178,12,,0.936
1335,2180,6,,0.87
1336,2180,5,,0.826
1337,2181,4,,0.878
1338,2183,1,,0.774
1339,2185,1,,0.895
1340,2186,1,,0.974
1341,2187,3,,0.949
1342,2188,13,,0.92
1343,2190,9,,0.817
1344,2193,14,,0.912
1345,2194,17,,0.767
1346,2195,1,,0.804
1347,2195,11,,0.869
1348,2196,9,,0.961
1349,2197,11,,0.948
1350,2199,2,,0.763
1351,2202,14,,0.723
1352,2202,15,,0.722
1353,2203,1,,0.905
1354,2203,11,,0.808
1355,2204,11,,0.81
1356,2205,1,,0.905
1357,2207,5,,0.843
1358,2210,5,,0.775
1359,2212,9,,0.919
1360,2213,9,,0.903
1361,2214,1,,0.883
1362,2215,9,,0.855
1363,2216,3,,0.89
1364,2216,9,,0.979
1365,2218,11,,0.754
1366,2218,1,,0.868
1367,2219,9,,0.947
1368,2221,5,,0.827
1369,2221,4,,0.745
1370,2224,13,,0.848
1371,2225,3,,0.861
1372,2225,9,,0.974
1373,2227,4,,0.947
1374,2228,11,,0.849
1375,2228,2,,0.752
1376,2230,9,,0.902
1377,2231,2,,0.923
1378,2233,9,,0.73
1379,2237,9,,0.75
1380,2239,9,,0.848
1381,2239,3,,0.886
1382,2240,11,,0.974
1383,2241,2,,0.883
1384,2241,11,,0.804
1385,2243,3,,0.944
1386,2243,9,,0.916
1387,2244,1,,0.875
1388,2246,6,,0.867
1389,2248,1,,0.957
1390,2250,11,,0.739
1391,2252,12,,0.805
1392,2253,11,,0.734
1393,2254,9,,0.791
1394,2255,1,,0.808
1395,2255,11,,0.886
1396,2257,6,,0.968
1397,2259,11,,0.828
1398,2262,9,,0.925
1399,2264,9,,0.768
1400,2270,1,,0.765
1401,2274,9,,0.945
1402,2276,14,,0.822
1403,2276,15,,0.815
1404,2277,11,,0.807
1405,2278,1,,0.771
1406,2281,12,,0.954
1407,2282,9,,0.814
1408,2283,2,,0.854
1409,2289,3,,0.83
1410,2289,9,,0.752
1411,2290,15,,0.743
1412,2291,11,,0.796
1413,2292,13,,0.802
1414,2293,6,,0.791
1415,2295,8,,0.73
1416,2298,1,,0.747
1417,2298,11,,0.804
1418,2301,1,,0.783
1419,2304,5,,0.856
1420,2311,1,,0.864
1421,2313,3,,0.893
1422,2313,9,,0.976
1423,2314,6,,0.87
1424,2314,5,,0.855
1425,2315,9,,0.756
1426,2319,6,,0.911
1427,2321,12,,0.941
1428,2322,9,,0.874
1429,2326,9,,0.748
1430,2330,11,,0.842
1431,2330,1,,0.901
1432,2332,9,,0.853
1433,2333,6,,0.849
1434,2333,5,,0.907
1435,2334,1,,0.836
1436,2334,11,,0.901
1437,2337,12,,0.969
1438,2344,13,,0.72
1439,2345,1,,0.941
1440,2347,11,,0.731
1441,2350,15,,0.828
1442,2353,6,,0.725
1443,2353,5,,0.863
1444,2357,9,,0.911
1445,2359,9,,0.788
1446,2359,3,,0.971
1447,2361,12,,0.946
1448,2362,9,,0.949
1449,2363,9,,0.84
1450,2370,11,,0.951
1451,2371,17,,0.726
1452,2371,4,,0.726
1453,2372,5,,0.93
1454,2372,6,,0.882
1455,2374,14,,0.753
1456,2375,14,,0.753
1457,2376,1,,0.835
1458,2379,3,,0.831
1459,2379,9,,0.971
1460,2380,9,,0.978
1461,2380,3,,0.882
1462,2381,13,,0.966
1463,2385,4,,0.97
1464,2386,9,,0.896
1465,2388,5,,0.808
1466,2389,13,,0.793
1467,2390,11,,0.876
1468,2390,2,,0.89
1469,2391,1,,0.959
1470,2394,13,,0.867
1471,2396,1,,0.763
1472,2396,11,,0.731
1473,2397,9,,0.831
1474,2398,6,,0.974
1475,2401,1,,0.889
1476,2402,9,,0.959
1477,2403,6,,0.942
1478,2403,5,,0.907
1479,2404,9,,0.956
1480,2408,4,,0.862
1481,2414,6,,0.786
1482,2416,5,,0.886
1483,2416,8,,0.933
1484,2417,17,,0.875
1485,2417,4,,0.882
1486,2418,4,,0.917
1487,2420,11,,0.843
1488,2420,2,,0.802
1489,2422,16,,0.907
1490,2426,11,,0.765
1491,2429,15,,0.8
1492,2432,11,,0.944
1493,2432,2,,0.915
1494,2438,13,,0.868
1495,2440,12,,0.858
1496,2441,9,,0.886
1497,2443,4,,0.838
1498,2445,13,,0.849
1499,2446,1,,0.933
1500,2447,2,,0.914
1501,2449,4,,0.976
1502,2450,2,,0.923
1503,2450,11,,0.881
1504,2451,9,,0.91
1505,2455,1,,0.894
1506,2457,11,,0.777
1507,2457,1,,0.849
1508,2458,9,,0.885
1509,2459,13,,0.778
1510,2460,1,,0.957
1511,2462,2,,0.789
1512,2463,9,,0.923
1513,2464,12,,0.891
1514,2465,12,,0.804
1515,2466,16,,0.9
1516,2467,1,,0.773
1517,2468,17,,0.852
1518,2469,1,,0.883
1519,2474,17,,0.861
1520,2476,16,,0.738
1521,2479,11,,0.776
1522,2479,1,,0.859
1523,2483,17,,0.871
1524,2483,4,,0.893
1525,2485,9,,0.73
1526,2486,13,,0.771
1527,2488,16,,0.795
1528,2491,4,,0.814
1529,2496,9,,0.815
1530,2503,1,,0.745
1531,2503,11,,0.861
1532,2504,9,,0.927
1533,2505,14,,0.902
1534,2509,13,,0.763
1535,2511,9,,0.746
1536,2512,9,,0.819
1537,2519,2,,0.743
1538,2519,11,,0.978
1539,2522,4,,0.965
1540,2523,11,,0.767
1541,2524,12,,0.901
1542,2526,11,,0.786
1543,2526,1,,0.854
1544,2527,9,,0.84
1545,2528,9,,0.808
1546,2529,3,,0.781
1547,2532,13,,0.853
1548,2534,5,,0.797
1549,2534,4,,0.967
1550,2536,11,,0.84
1551,2536,2,,0.846
1552,2537,16,,0.853
1553,2538,13,,0.961
1554,2540,11,,0.899
1555,2540,2,,0.812
1556,2541,9,,0.777
1557,2542,13,,0.822
1558,2544,14,,0.916
1559,2547,6,,0.754
1560,2549,13,,0.738
1561,2551,1,,0.961
1562,2553,6,,0.741
1563,2554,11,,0.891
1564,2555,9,,0.87
1565,2555,3,,0.864
1566,2557,1,,0.788
1567,2557,11,,0.791
1568,2559,6,,0.879
1569,2560,9,,0.771
1570,2561,2,,0.922
1571,2561,11,,0.958
1572,2562,2,,0.899
1573,2568,14,,0.851
1574,2569,13,,0.737
1575,2571,9,,0.764
1576,2571,3,,0.925
1577,2572,1,,0.826
1578,2575,13,,0.979
1579,2580,12,,0.902
1580,2581,1,,0.781
1581,2583,4,,0.933
1582,2584,4,,0.831
1583,2587,1,,0.771
1584,2587,11,,0.81
1585,2588,9,,0.789
1586,2592,16,,0.925
1587,2594,17,,0.847
1588,2595,11,,0.902
1589,2597,6,,0.779
1590,2598,1,,0.977
1591,2602,9,,0.899
1592,2604,3,,0.789
1593,2606,12,,0.91
1594,2607,2,,0.883
1595,2608,9,,0.825
1596,2609,5,,0.766
1597,2610,2,,0.816
1598,2610,11,,0.92
1599,2612,4,,0.793
1600,2612,5,,0.971
1601,2614,15,,0.773
1602,2614,14,,0.844
1603,2615,4,,0.891
1604,2615,8,,0.826
1605,2617,2,,0.862
1606,2617,11,,0.802
1607,2618,11,,0.939
1608,2618,2,,0.934
1609,2623,17,,0.782
1610,2626,4,,0.871
1611,2628,9,,0.821
1612,2629,13,,0.971
1613,2630,13,,0.88
1614,2631,5,,0.748
1615,2634,14,,0.741
1616,2638,2,,0.783
1617,2639,3,,0.791
1618,2641,9,,0.889
1619,2643,4,,0.874
1620,2643,17,,0.827
1621,2644,1,,0.772
1622,2645,2,,0.874
1623,2651,15,,0.782
1624,2651,14,,0.881
1625,2652,5,,0.775
1626,2655,11,,0.736
1627,2658,14,,0.771
1628,2660,1,,0.803
1629,2660,11,,0.775
1630,2661,17,,0.751
1631,2661,4,,0.766
1632,2662,1,,0.906
1633,2663,14,,0.892
1634,2663,15,,0.88
1635,2665,1,,0.81
1636,2666,9,,0.949
1637,2667,3,,0.83
1638,2668,9,,0.726
1639,2668,3,,0.762
1640,2670,9,,0.911
1641,2671,16,,0.969
1642,2674,1,,0.883
1643,2675,6,,0.874
1644,2675,5,,0.806
1645,2676,2,,0.831
1646,2676,11,,0.738
1647,2678,1,,0.875
1648,2680,9,,0.85
1649,2681,9,,0.883
1650,2684,9,,0.731
1651,2684,3,,0.827
1652,2685,1,,0.937
1653,2687,9,,0.74
1654,2688,15,,0.948
1655,2689,9,,0.757
1656,2690,11,,0.861
1657,2690,2,,0.82
1658,2691,11,,0.904
1659,2691,2,,0.822
1660,2692,2,,0.823
1661,2692,11,,0.738
1662,2693,9,,0.746
1663,2694,6,,0.863
1664,2697,2,,0.917
1665,2697,11,,0.854
1666,2699,9,,0.827
1667,2703,9,,0.839
1668,2705,4,,0.93
1669,2705,5,,0.88
1670,2711,11,,0.792
1671,2713,4,,0.771
1672,2713,5,,0.94
1673,2714,9,,0.932
1674,2715,15,,0.89
1675,2717,1,,0.912
1676,2718,6,,0.943
1677,2719,13,,0.895
1678,2721,2,,0.834
1679,2721,11,,0.879
1680,2723,15,,0.908
1681,2723,14,,0.935
1682,2724,11,,0.947
1683,2724,1,,0.773
1684,2728,9,,0.946
1685,2730,11,,0.86
1686,2733,11,,0.749
1687,2734,9,,0.734
1688,2735,13,,0.769
1689,2736,9,,0.813
1690,2737,3,,0.97
1691,2738,9,,0.918
1692,2742,11,,0.802
1693,2742,1,,0.866
1694,2745,15,,0.966
1695,2745,14,,0.91
1696,2746,6,,0.724
1697,2748,9,,0.776
1698,2751,4,,0.865
1699,2752,11,,0.843
1700,2752,2,,0.75
1701,2753,17,,0.728
1702,2757,2,,0.969
1703,2757,11,,0.754
1704,2758,14,,0.922
1705,2758,15,,0.887
1706,2761,6,,0.933
1707,2761,5,,0.769
1708,2765,14,,0.827
1709,2766,11,,0.922
1710,2768,1,,0.763
1711,2771,1,,0.971
1712,2771,11,,0.732
1713,2772,1,,0.882
1714,2773,6,,0.967
1715,2773,5,,0.914
1716,2774,6,,0.727
1717,2775,9,,0.948
1718,2777,13,,0.97
1719,2779,12,,0.922
1720,2780,8,,0.776
1721,2781,1,,0.942
1722,2782,2,,0.797
1723,2786,16,,0.957
1724,2792,5,,0.959
1725,2792,6,,0.949
1726,2793,14,,0.951
1727,2794,9,,0.77
1728,2797,2,,0.789
1729,2797,11,,0.948
1730,2799,14,,0.945
1731,2800,9,,0.848
1732,2802,3,,0.97
1733,2803,3,,0.761
1734,2803,9,,0.956
1735,2805,3,,0.771
1736,2806,3,,0.846
1737,2806,9,,0.754
1738,2810,9,,0.899
1739,2812,3,,0.875
1740,2812,9,,0.874
1741,2813,9,,0.818
1742,2815,9,,0.892
1743,2815,3,,0.966
1744,2816,3,,0.881
1745,2816,9,,0.865
1746,2817,5,,0.971
1747,2817,6,,0.792
1748,2818,4,,0.874
1749,2819,5,,0.765
1750,2819,6,,0.979
1751,2820,4,,0.869
1752,2821,6,,0.738
1753,2821,5,,0.921
1754,2823,6,,0.898
1755,2825,6,,0.855
1756,2825,5,,0.956
1757,2826,6,,0.979
1758,2826,4,,0.789
1759,2827,7,,0.777
1760,2828,7,,0.964
1761,2830,7,,0.892
1762,2831,7,,0.879
1763,2832,7,,0.811
1764,2834,14,,0.817
1765,2835,14,,0.763
1766,2837,14,,0.817
1767,2838,14,,0.975
1768,2840,14,,0.921
1769,2841,14,,0.918
1770,2842,14,,0.903
1771,2843,14,,0.813
1772,2844,14,,0.98
1773,2845,14,,0.83
1774,2847,9,,0.846
1775,2848,10,,0.975
1776,2849,9,,0.845
1777,2849,10,,0.837
1778,2851,10,,0.961
1779,2851,9,,0.725
1780,2852,9,,0.835
1781,2855,11,,0.863
1782,2855,2,,0.761
1783,2857,2,,0.763
1784,2858,11,,0.807
1785,2859,2,,0.731
1786,2859,11,,0.721
1787,2861,11,,0.768
1788,2862,6,,0.856
1789,2862,5,,0.85
1790,2863,5,,0.814
1791,2864,5,,0.774
1792,2864,6,,0.949
1793,2866,5,,0.911
1794,2866,6,,0.978
1795,2870,5,,0.801
1796,2870,6,,0.868
1797,2871,6,,0.938
1798,2871,5,,0.892
1799,2873,5,,0.741
1800,2874,5,,0.936
1801,2875,6,,0.73
1802,2876,5,,0.727
1803,2877,6,,0.83
1804,2877,5,,0.965
1805,2878,5,,0.847
1806,2879,6,,0.899
1807,2880,6,,0.875
1808,2881,5,,0.836
1809,2881,6,,0.721
1810,2882,6,,0.847
1811,2884,5,,0.954
1812,2884,6,,0.903
1813,2885,6,,0.902
1814,2886,6,,0.946
1815,2886,5,,0.822
1816,2887,6,,0.726
1817,2888,6,,0.952
1818,2888,5,,0.977
1819,2890,5,,0.956
1820,2891,6,,0.963
1821,2892,5,,0.824
1822,2892,6,,0.792
1823,2893,6,,0.724
1824,2893,5,,0.888
1825,2894,6,,0.924
1826,2896,5,,0.739
1827,2896,6,,0.882
